{
 "results": {
  "value_pb_low__LARGE": {
   "stats": {
    "n_obs": 3920,
    "total_return": 0.40421320449780884,
    "cagr": 0.02206340606396151,
    "sharpe": 0.2150393025375971,
    "sortino": 0.2723797560171595,
    "max_drawdown": -0.7538296978053662,
    "win_rate": 0.5293367346938775,
    "skew": -0.02007416122444048,
    "kurtosis": 13.611532903049817
   },
   "bucket": "LARGE",
   "beats": false,
   "dsr": 0.9954995993355649,
   "survivor": false
  },
  "value_pb_low__SMALL": {
   "stats": {
    "n_obs": 3920,
    "total_return": 0.6333827895724562,
    "cagr": 0.032044711407072324,
    "sharpe": 0.2593178178021027,
    "sortino": 0.33656833179374196,
    "max_drawdown": -0.8277893809905468,
    "win_rate": 0.5275510204081633,
    "skew": 0.03171902315475228,
    "kurtosis": 12.553375040500004
   },
   "bucket": "SMALL",
   "beats": false,
   "dsr": 0.9999998451852755,
   "survivor": false
  },
  "value_ps_low__LARGE": {
   "stats": {
    "n_obs": 3920,
    "total_return": 2.96942295933891,
    "cagr": 0.09267150385874756,
    "sharpe": 0.5109913083859008,
    "sortino": 0.6455096211276518,
    "max_drawdown": -0.6145279770938593,
    "win_rate": 0.5382653061224489,
    "skew": -0.08960269156216502,
    "kurtosis": 13.046470590875924
   },
   "bucket": "LARGE",
   "beats": true,
   "dsr": 1.0,
   "survivor": true
  },
  "value_ps_low__SMALL": {
   "stats": {
    "n_obs": 3920,
    "total_return": 4.375099355756412,
    "cagr": 0.11417502089548348,
    "sharpe": 0.5409435626077742,
    "sortino": 0.7150240484180767,
    "max_drawdown": -0.7413548814428794,
    "win_rate": 0.5474489795918367,
    "skew": -0.2540280507806097,
    "kurtosis": 7.521753491206462
   },
   "bucket": "SMALL",
   "beats": true,
   "dsr": 1.0,
   "survivor": true
  },
  "value_ep_high__LARGE": {
   "stats": {
    "n_obs": 3920,
    "total_return": 3.2434709179836103,
    "cagr": 0.0973710723989365,
    "sharpe": 0.5057368210605095,
    "sortino": 0.6376339892337499,
    "max_drawdown": -0.6583849442288083,
    "win_rate": 0.5321428571428571,
    "skew": -0.08283569528846539,
    "kurtosis": 13.48722594874154
   },
   "bucket": "LARGE",
   "beats": true,
   "dsr": 1.0,
   "survivor": true
  },
  "value_ep_high__SMALL": {
   "stats": {
    "n_obs": 3920,
    "total_return": 3.4043256984601307,
    "cagr": 0.09999889504140658,
    "sharpe": 0.495937352920947,
    "sortino": 0.6266807245672987,
    "max_drawdown": -0.7435118915431898,
    "win_rate": 0.5316326530612245,
    "skew": -0.34242348466219663,
    "kurtosis": 12.31319458407586
   },
   "bucket": "SMALL",
   "beats": true,
   "dsr": 1.0,
   "survivor": true
  },
  "value_evebitda_low__LARGE": {
   "stats": {
    "n_obs": 3920,
    "total_return": 2.7368831918564887,
    "cagr": 0.08843922295453521,
    "sharpe": 0.4831961609499538,
    "sortino": 0.6232655199973519,
    "max_drawdown": -0.5619384561935896,
    "win_rate": 0.5346938775510204,
    "skew": 0.016378320675509473,
    "kurtosis": 13.49471736576967
   },
   "bucket": "LARGE",
   "beats": true,
   "dsr": 1.0,
   "survivor": true
  },
  "value_evebitda_low__SMALL": {
   "stats": {
    "n_obs": 3920,
    "total_return": 2.9083650491476756,
    "cagr": 0.0915831652070167,
    "sharpe": 0.47629801507403935,
    "sortino": 0.6241936672964374,
    "max_drawdown": -0.6624685859357217,
    "win_rate": 0.5336734693877551,
    "skew": -0.30646750528880756,
    "kurtosis": 8.929204939085212
   },
   "bucket": "SMALL",
   "beats": true,
   "dsr": 1.0,
   "survivor": true
  }
 },
 "benchmarks": {
  "LARGE": 0.0551,
  "SMALL": 0.0679
 },
 "expected_max_sharpe_8": 0.17029275229650595,
 "variance_of_sr": 0.013623019088213364,
 "cliff": [
  {
   "params": {
    "signal": "value_ps_low",
    "bucket": "SMALL"
   },
   "metric": 0.5409435626077742,
   "cell": "value_ps_low__SMALL",
   "n_neighbors": 4,
   "neighbor_mean": 0.43563612354574743,
   "neighbor_min": 0.2593178178021027,
   "isolation": 0.10530743906202678
  },
  {
   "params": {
    "signal": "value_ep_high",
    "bucket": "LARGE"
   },
   "metric": 0.5057368210605095,
   "cell": "value_ep_high__LARGE",
   "n_neighbors": 4,
   "neighbor_mean": 0.4262910311985997,
   "neighbor_min": 0.2150393025375971,
   "isolation": 0.07944578986190987
  },
  {
   "params": {
    "signal": "value_ps_low",
    "bucket": "LARGE"
   },
   "metric": 0.5109913083859008,
   "cell": "value_ps_low__LARGE",
   "n_neighbors": 4,
   "neighbor_mean": 0.43622896178895865,
   "neighbor_min": 0.2150393025375971,
   "isolation": 0.07476234659694214
  },
  {
   "params": {
    "signal": "value_evebitda_low",
    "bucket": "LARGE"
   },
   "metric": 0.4831961609499538,
   "cell": "value_evebitda_low__LARGE",
   "n_neighbors": 4,
   "neighbor_mean": 0.42701636176451163,
   "neighbor_min": 0.2150393025375971,
   "isolation": 0.05617979918544219
  },
  {
   "params": {
    "signal": "value_ep_high",
    "bucket": "SMALL"
   },
   "metric": 0.495937352920947,
   "cell": "value_ep_high__SMALL",
   "n_neighbors": 4,
   "neighbor_mean": 0.4455740541361064,
   "neighbor_min": 0.2593178178021027,
   "isolation": 0.05036329878484058
  },
  {
   "params": {
    "signal": "value_evebitda_low",
    "bucket": "SMALL"
   },
   "metric": 0.47629801507403935,
   "cell": "value_evebitda_low__SMALL",
   "n_neighbors": 4,
   "neighbor_mean": 0.44484872357019445,
   "neighbor_min": 0.2593178178021027,
   "isolation": 0.0314492915038449
  },
  {
   "params": {
    "signal": "value_pb_low",
    "bucket": "SMALL"
   },
   "metric": 0.2593178178021027,
   "cell": "value_pb_low__SMALL",
   "n_neighbors": 4,
   "neighbor_mean": 0.43205455828508943,
   "neighbor_min": 0.2150393025375971,
   "isolation": -0.1727367404829867
  },
  {
   "params": {
    "signal": "value_pb_low",
    "bucket": "LARGE"
   },
   "metric": 0.2150393025375971,
   "cell": "value_pb_low__LARGE",
   "n_neighbors": 4,
   "neighbor_mean": 0.4398105270496167,
   "neighbor_min": 0.2593178178021027,
   "isolation": -0.2247712245120196
  }
 ]
}