tier,site_name,author,city,state,region,operator,best_contact,contact_email,phone,contact_url,online_store,wholesale_notes,fit_notes,melville_line_fits,status,outreach_status,notes
A,Folger Shakespeare Library — Folger Shop,William Shakespeare,Washington,DC,Mid-Atlantic,Folger Shakespeare Library (Amherst College trust),folgershop@folger.edu — dedicated shop email published on the Folger Shop page,folgershop@folger.edu,,https://www.folger.edu/visit/shop,https://shop.folger.edu/,Professionally run in-house shop at the renovated Folger ('The Folger is open!'). Dedicated shop email is the cleanest wholesale pitch path on this whole list; Shakespeare apparel/gifts are their core category.,"The world's largest Shakespeare collection, steps from the Capitol, with major post-renovation visitor volume and a professional retail operation devoted to a single author — one of the best fits on the beat.",,open,,
A,Library of Congress Shop,Multi-author (national literary collections),Washington,DC,Mid-Atlantic,Library of Congress (retail operations),"Email retail@loc.gov (LOC retail operations, per the research sweep; verified alt: visit@loc.gov / 202-707-9779)",retail@loc.gov,202-707-9779,https://www.loc.gov/shop/,https://library-of-congress-shop.myshopify.com/,"Physical shop confirmed operating on the 1st floor of the Jefferson Building (Tue/Wed/Fri/Sat 10-5, Thu 10-8) plus a Shopify online store. Federal-institution retail: expect a formal vendor onboarding process, but very high visitor traffic and a literary-gift assortment that matches author tees.","Millions of visitors annually and a professional product-development/retail team; multi-author, but literary and author-themed gifts are the core of its assortment.",,open,,
A,Planet Word Museum — Present Perfect shop,Multi-author (words and language museum),Washington,DC,Mid-Atlantic,Planet Word (nonprofit),Email support@planetwordmuseum.org (provided contact; site obfuscates emails but museum verified open with first-floor shop),support@planetwordmuseum.org,(202) 931-3139,https://planetwordmuseum.org/visit/,https://shop.planetwordmuseum.org/,Museum open 6 days/week in downtown DC; homepage confirms the first-floor gift shop for 'word nerds' (Present Perfect). Professionally run nonprofit founded by Ann Friedman. Word/language/author-themed tees are squarely on-theme. No separate shop email or online store found.,"Tripadvisor Travelers' Choice-winning downtown DC museum for word lovers; the shop specializes in exactly this niche (bookish socks, pins, literary gifts) and is professionally run — multi-author but squarely on-theme.",,open,,
A,Fenimore Art Museum,James Fenimore Cooper,Cooperstown,NY,Mid-Atlantic,Fenimore Art Museum (founded as NY State Historical Association),"Email info@fenimoreart.org (verified on the museum's contact page, Jan 2026 capture) and ask for the museum shop buyer",info@fenimoreart.org,607-547-1400,https://fenimoreartmuseum.org/contact-us,https://fenimoreartmuseum.org/shop,"Professionally run regional art museum with a Shop section on its site; no dedicated shop email published. High Cooperstown summer tourist traffic. Note their live site is bot-protected, but the museum is fully operating.","Professional museum store with strong Cooperstown tourist volume (Baseball Hall of Fame spillover); caveat — it is an art museum named for Cooper, so author-specific merch is a subset of a broader assortment.",,open,,
A,Strand Book Store,Multi-author (general literary merch),New York,NY,Mid-Atlantic,"Strand Book Store, Inc. (family-owned)",Contact form at strandbooks.com/contact addressed to the merchandise buying team (no buyer email published; main ph 212-473-1452),,212-473-1452,https://www.strandbooks.com/contact,https://www.strandbooks.com/,"NYC institution with a huge house merch program (totes, tees, literary gifts) — professionally staffed buyers and very high traffic, but also the hardest pitch: they favor their own branded merch, so lead with what Strand doesn't make. Vendor pitches go through the contact form/switchboard.","Probably the highest-volume literary-merch retailer in the US that wholesales product in; landing the Strand means real volume, though buyers are selective and the merch program is very professionalized.",,open,,
A,The Morgan Library & Museum — Morgan Shop,"Multi-author (rare books; Dickens, Austen, Twain exhibitions)",New York,NY,Mid-Atlantic,The Morgan Library & Museum,"shop@themorgan.org (dedicated shop email, verified on shop site)",shop@themorgan.org,212-590-0390,https://www.themorgan.org/campus/morgan-shop,https://shop.themorgan.org/,"Professionally run museum retail in-house at a major NYC institution; frequent literary exhibitions (Austen, Poe, Gorey, Dickens). No public vendor-submission page — pitch the shop email directly.",Major Manhattan literary museum with strong visitor volume and a professionally run shop selling gifts for writers and readers; buys author-themed goods around its rotating literary exhibitions.,,open,,
A,The New York Public Library Shop,Multi-author (literary/library brand),New York,NY,Mid-Atlantic,The New York Public Library,"Email libraryshop@nypl.org (verified shop-specific email; separate shop phone 212-930-0641, web orders 212-621-0570)",libraryshop@nypl.org,(212) 930-0641,https://shop.nypl.org/pages/contact-us,https://shop.nypl.org/,Flagship shop in the Stephen A. Schwarzman Building plus large e-commerce operation run by NYPL's own retail team. Very high foot traffic; professionally merchandised literary/author goods are exactly their category. No published vendor-submission process — pitch the shop email directly.,"One of the highest-volume literary gift retailers in the country with a professional buying team; multi-author rather than single-author, but author-themed tees/totes are exactly its core assortment.",,open,,
A,Washington Irving's Sunnyside,Washington Irving,Tarrytown,NY,Mid-Atlantic,Historic Hudson Valley,shop@hudsonvalley.org (verified on the shop's contact-information page),shop@hudsonvalley.org,914-366-6900,https://shop.hudsonvalley.org/pages/about-us,https://shop.hudsonvalley.org/,"Sunnyside tours run seasonally (May–Dec); retail is centralized under Historic Hudson Valley, a large professional org whose shop team buys for Sunnyside and its other historic sites. Physical Sunnyside shop is seasonal; online shop year-round.","Historic Hudson Valley is a large multi-site nonprofit (Sunnyside, Kykuit, Philipsburg Manor) with heavy Sleepy Hollow/Halloween tourist traffic and a professional e-commerce operation that already merchandises Irving by name — one wholesale buyer could stock several sites.",,open,,
A,Brandywine Museum of Art (N.C. Wyeth House & Studio),"N.C. Wyeth (illustrator of Treasure Island, Kidnapped and other children's classics) and the Wyeth family",Chadds Ford,PA,Mid-Atlantic,Brandywine Conservancy & Museum of Art,"Email museum@brandywine.org attn. Rebecca Simpson, Manager of Visitor Services, Admissions & Retail (named on Brandywine's staff directory; retail staff route through this departmental inbox)",museum@brandywine.org,,https://www.brandywine.org/about/staff,https://www.brandywinemuseumshop.org/,Professionally run museum shop with a large active online store (N.C. Wyeth 'Treasure Island'/'Kidnapped' product lines already exist). Retail buying by the Visitor Services/Retail manager. Wyeth imagery is rights-managed — pitch complementary literary items.,"Caveat: a broader American-art museum, but N.C. Wyeth's golden-age children's-classic illustrations are the heart of the collection and his house/studio tours are a headline draw; large professional shop that already merchandises 'homage to American illustration' gifts.",,open,,
A,James A. Michener Art Museum,James A. Michener,Doylestown,PA,Mid-Atlantic,James A. Michener Art Museum,"Email info@michenerartmuseum.org (verified in the museum's site footer, Oct 2025 capture) and ask for the Museum Shop manager",info@michenerartmuseum.org,,https://michenerartmuseum.org/contact-us/,,Professional art museum with a dedicated Museum Shop (under Cafe & Shop). Buying by museum retail staff. Live site aggressively blocks bots — email is the reliable path.,"Well-attended Bucks County art museum named for the Pulitzer-winning novelist (a Doylestown native) with a professionally run shop; caveat — assortment is art-led, so Michener-specific literary merch is a secondary niche.",,open,,
A,Laura Ingalls Wilder Historic Home & Museum (Rocky Ridge Farm),Laura Ingalls Wilder,Mansfield,MO,Midwest,Laura Ingalls Wilder Home Association,Call (877) 924-7126 — no email published on the contact page,,(877) 924-7126 (toll-free),https://lauraingallswilderhome.com/contact/,https://lauraingallswilderhome.com (orders ship year-round),Flagship Wilder pilgrimage site run by the Laura Ingalls Wilder Home Association; open Mar 1-Nov 15 (in season now) with the Rocky Ridge Book Store on grounds and a year-round online store. Professional retail operation; strong fit for Wilder-themed product.,"The farm where the Little House books were actually written; the association's own site warns of 'large visitor numbers,' charges $18 adult admission, and runs professional retail with e-commerce - a top-tier LIW prospect.",,open,,
A,Mark Twain Boyhood Home & Museum,Mark Twain,Hannibal,MO,Midwest,Mark Twain Boyhood Home & Museum (Mark Twain Museum foundation),"Meagan Garey, Visitor Services Manager (gift shop/retail), 573-221-9010 ext. 401; emails are behind staff-profile links, so call or use the contact form addressed to her",,573-221-9010 ext. 401,https://marktwainmuseum.org/contact/,https://marktwainmuseum.org/shop/,"Open daily (summer hours Mar 15–Nov 1); big Hannibal tourist traffic, physical gift shop plus full online store (apparel category already exists). There is a named gift-store manager — the strongest wholesale target on this list.","Anchor prospect for the beat: Hannibal is a national Twain tourism destination, the museum runs three shops with an existing apparel program, and it is a direct sister profile to her proven Melville/Arrowhead customer.",,open,,
A,The Rabbit hOle,"Children's literature authors (multi-author: Goodnight Moon, Alice in Wonderland, etc.)",North Kansas City,MO,Midwest,The Rabbit hOle (nonprofit 'Explor-a-Storium'),Phone 816-492-7915 or site contact form — ask for the bookstore/retail buyer (no email published on the visit page),,816-492-7915,https://www.rabbitholekc.org/visit,https://www.rabbitholekc.org/category/all-products,"Open Tue-Sat 10-5, Sun 12-5; has both an in-house bookstore and a shop with online sales. New (2024) high-profile immersive children's-literature museum with strong attendance — professionally run, and children's-lit character merch is its whole identity. Top-tier prospect.","Buzzy new (2024) immersive children's-literature museum that drew national press and strong attendance; retail (shop + bookstore) is integral to the visit, and author-themed kids/adult apparel fits its whole premise.",,open,,
A,Mystic Seaport Museum,Herman Melville (Moby-Dick / maritime literature),Mystic,CT,New England,Mystic Seaport Museum; store operated by Event Network,"mystic.seaportstore@eventnetwork.com (note: shop site shows this spelling, not 'mysticseaportstore@')",mystic.seaportstore@eventnetwork.com,860-572-5385 (store),https://mysticseaport.org/museum-store/,https://shop.mysticseaport.org/,"Museum open daily; multiple retail locations. Store is operated by Event Network (corporate museum-retail operator) — buying decisions go through the Event Network store team, not museum staff. Event Network also has centralized corporate buyers.","One of New England's biggest maritime attractions (approx. 250,000+ visitors/yr) and home of the Charles W. Morgan, the last wooden whaleship; the store is run by Event Network, a national museum-retail company with formal wholesale buying — a large-volume prospect if the line is accepted.",yes,open,,
A,The Mark Twain House & Museum,Mark Twain (Samuel Clemens),Hartford,CT,New England,The Mark Twain House & Museum (nonprofit),"Email store@marktwainhouse.org (verified on the store's contact page; store office M-F 9:30-4:30 ET, ph 860-280-3136)",store@marktwainhouse.org,860-280-3136,https://marktwainhousestore.org/pages/contact,https://marktwainhousestore.org/,"Open 7 days/wk, 'America's Best House Museum' (Forbes); runs a professional Shopify store with its own wholesale section (marktwainhousestore.org/pages/wholesale), so a dedicated retail team does the buying. Strong fit for author tees.","Flagship national literary destination with a professionally staffed store (dedicated store phone/email, M-F office hours) that already carries an apparel category — an ideal single-author wholesale account. Store is open without a museum ticket, so retail traffic exceeds tour traffic.",,open,,
A,Emily Dickinson Museum (The Homestead and The Evergreens),Emily Dickinson,Amherst,MA,New England,Emily Dickinson Museum (owned by Amherst College),Email info@emilydickinsonmuseum.org (verified on site) and ask to be routed to the shop buyer,info@emilydickinsonmuseum.org,(413) 542-8161,https://www.emilydickinsonmuseum.org/visit/contact/,https://emilydickinsonmuseum.myshopify.com/,"Shop run by the museum itself (owned by Amherst College); active Shopify online store; no published vendor/wholesale policy — pitch through the general email. Advance tour tickets selling through October, so traffic is healthy.",International pilgrimage site (boosted by the 'Dickinson' TV series) with a sophisticated retail program that already does product collaborations — Dickinson is one of the best-selling poets for tees/totes. Amherst College backing means a professional buyer.,,open,,
A,Louisa May Alcott's Orchard House,Louisa May Alcott,Concord,MA,New England,Louisa May Alcott Memorial Association (501(c)(3)),Contact form embedded at louisamayalcott.org (no email published anywhere on site); follow up by phone 978-369-4118,,978-369-4118,https://louisamayalcott.org/,https://louisamayalcott.org/online-store,Curated Museum Store plus own online store; buying done in-house by the Louisa May Alcott Memorial Association (ED Jan Turnquist). No vendor page — pitch via contact form addressed to the Museum Store.,"One of the highest-traffic author homes in the country (Little Women film waves keep visitation high), open year-round with a well-stocked shop of books and artisan goods. A Little Women/Alcott tee-and-tote line is a near-exact repeat of the Arrowhead sale.",,open,,
A,New Bedford Whaling Museum,Herman Melville,New Bedford,MA,New England,Old Dartmouth Historical Society,Email NBWMstore@whalingmuseum.org (verified on the store's own contact page),NBWMstore@whalingmuseum.org,508-997-0046,https://store.whalingmuseum.org/pages/contact-us,https://store.whalingmuseum.org/,"Buyer is the museum store team (Old Dartmouth Historical Society). Museum open daily 9-5; store currently doubles as the museum entrance during plaza renovations, so store traffic is at a maximum. Store carries apparel/tops+t-shirts and a Moby-Dick/Melville book section.","The single best Melville expansion target: hosts the world-famous 25-hour Moby-Dick Marathon each January and already sells Melville apparel lines, with a professional store team (dedicated email/extension). Proven demand for exactly this shop's Melville designs.",yes,open,,
A,Norman Rockwell Museum,Norman Rockwell (illustrator),Stockbridge,MA,New England,Norman Rockwell Museum (nonprofit),Store contact form at https://store.nrm.org/pages/contact or (800) 742-9450 (store office M-F 9-4 ET); no direct email published,,(800) 742-9450,https://store.nrm.org/pages/contact,https://store.nrm.org/,"Major professionally run museum store, physical (Thu-Tue 10-5, Stockbridge) plus substantial e-commerce (prints, fashion, books). Buying done in-house by museum retail staff. High Berkshires tourist traffic; illustration/Americana angle rather than author-lit.","Single-illustrator museum with the world's largest Rockwell collection, in the same Berkshires tourist corridor as Arrowhead (your existing customer — a useful reference sale). Large, professionally merchandised store that already sells totes and apparel-adjacent gifts.",,open,,
A,The Amazing World of Dr. Seuss Museum (Springfield Museums),Dr. Seuss (Theodor Geisel),Springfield,MA,New England,Springfield Museums,Email museumstore@springfieldmuseums.org (verified direct store email with dedicated store phone line),museumstore@springfieldmuseums.org,(413) 314-6464,https://springfieldmuseums.org/about/museum-store/,,"Hanmer Museum Store, open 7 days, already carries Dr. Seuss t-shirts, plush, and books plus handcrafted goods from outside makers — a strong fit signal. Buying done by Springfield Museums' own store staff. Note: Dr. Seuss items are licensed (Dr. Seuss Enterprises), so pitch non-infringing literary designs.","High-volume family destination within the five-museum Springfield quadrangle, with a professionally run store. Caveat: Dr. Seuss Enterprises licenses the IP tightly, so the pitch should be Geisel-as-Springfield-author themed designs rather than character art.",,open,,
A,The Eric Carle Museum of Picture Book Art,Eric Carle,Amherst,MA,New England,The Eric Carle Museum of Picture Book Art (nonprofit),"info@carlemuseum.org, asking to be routed to The Carle Shop buyer",info@carlemuseum.org,413-559-6300,https://carlemuseum.org/visit/plan-your-visit,https://shop.carlemuseum.org/,Open Wed–Sun. In-house Carle Shop (award-winning picture-book bookstore) plus Shopify online store; no public vendor page — route pitch through info@ to shop staff.,"40,000 sq ft national-draw museum for families and educators; the Bookshop already stocks apparel, totes, and gifts for book lovers — a literary/children's-author gift line fits its exact assortment. Carle artwork itself is licensed, so lead with general book-love and author-themed designs.",,open,,
A,The House of the Seven Gables,Nathaniel Hawthorne,Salem,MA,New England,The House of the Seven Gables Settlement Association,"Store Manager Everett Philbrook, direct line 978-306-7015; email intro via info@7gables.org",info@7gables.org,(978) 744-0991,https://7gables.org/contact/,https://7gables.org/visit/museum-store/ (online store temporarily closed for relaunch),"In-house museum store in the historic Retire Beckett House, open daily during museum hours (10-6 daily). Named store manager (Everett Philbrook) published with a direct phone line — pitch him directly. Major Salem tourist attraction; Hawthorne product is core to their identity. No published wholesale process.","Salem's tourism engine (hundreds of thousands of visitors, with an enormous October spike) and a professional org with dedicated marketing staff; Hawthorne is the store's core identity, and visitors routinely buy the novel on the way out.",,open,,
A,"The Mount, Edith Wharton's Home",Edith Wharton,Lenox,MA,New England,"Edith Wharton Restoration, Inc.","info@edithwharton.org, asking to be routed to the Bookstore (direct line 413-551-5118)",info@edithwharton.org,(413) 551-5118 (Bookstore direct); (413) 551-5111 (general),https://www.edithwharton.org/contact/,https://bookshop.org/shop/themountbookstore,"Bookstore and gift shop run in-house by Edith Wharton Restoration, Inc., with a dedicated published bookstore phone line. Seasonal operation (mansion tickets go on sale late April). Note: edithwharton.org blocks automated fetches on the /shop/ page but the site is fully operational.","Major Berkshires cultural destination (roughly 50,000+ visitors/season) in the same regional circuit as the Arrowhead customer — the shop is professionally staffed with its own retail phone line, and Wharton merchandise skews to exactly the literary-gift buyer.",,open,,
A,The Thoreau Society Shop at Walden Pond,Henry David Thoreau,Concord,MA,New England,"The Thoreau Society (501(c)(3)), in the Walden Pond State Reservation visitor center",Email info@shopatwaldenpond.org (verified on the shop's contact page),info@shopatwaldenpond.org,978-287-5477,https://www.shopatwaldenpond.org/Contact_Us_a/83.htm,https://www.shopatwaldenpond.org/,"Buying is done by The Thoreau Society (501c3), which operates the shop inside the Walden Pond State Reservation visitor center — very high foot traffic and already sells Thoreau apparel/quote tees, a strong product fit. Active Volusion e-commerce store.","Walden Pond draws roughly half a million visitors a year and this shop is the only retail at the site — apparel is already a core category, making a Thoreau tee line the strongest single-author fit on this list. Professionally run with its own e-commerce operation.",,open,,
A,"Whaling Museum, Nantucket Historical Association",Herman Melville (Moby-Dick / whaling heritage),Nantucket,MA,New England,Nantucket Historical Association,Email ask@nha.org (provided contact; nha.org blocks automated verification but shop and hours confirmed via search) asking for the museum shop buyer,ask@nha.org,(508) 228-1894,https://nha.org/museum-shop/,https://nantucketmuseumshop.org/,"Museum shop in the Hadwen & Barney Oil and Candle Factory building plus dedicated online store (100% of purchases support the NHA). Buyer is the Nantucket Historical Association retail operation — professionally run, heavy summer tourist traffic (open daily May 23-Oct 12, 2026).","Nantucket's premier attraction with intense affluent summer traffic; the Essex disaster that inspired Moby-Dick is the museum's central story, making Melville/whale designs a natural fit for an already professional, year-round retail operation.",yes,open,,
A,The Ernest Hemingway Home & Museum,Ernest Hemingway,Key West,FL,South,The Hemingway Home & Museum (private),Call the Bookstore direct line (305) 294-1575 — no retail email published (only gmail addresses for media/weddings); backup: contact form at hemingwayhome.com/contact,,(305) 294-1575 (Bookstore direct); (305) 294-1136 (main office),https://www.hemingwayhome.com/contact,https://www.hemingwayhome.com/store,"Private museum, open 365 days/year 9-5, one of Key West's highest-traffic attractions. Large in-house store (apparel, gifts, books) plus full online store — apparel is already a proven category for them. No published vendor process; pitch through the bookstore line.","One of the highest-traffic author house museums in America (hundreds of thousands of visitors a year in a cruise/tourist port); a large, professionally merchandised retail operation with e-commerce and shipping — the single biggest-volume prospect on this beat.",,open,,
A,Square Books (stockist prospect),William Faulkner (and Oxford's literary circle),Oxford,MS,South,Square Books (independent bookstore),Email books@squarebooks.com (verified on Square Books' contact page),books@squarebooks.com,662-236-2262,https://www.squarebooks.com/contact,https://squarebooks.com/list/store-merchandise,"Legendary four-storefront indie on the Oxford square since 1979, sells store merchandise and gifts alongside books. Site has explicit 'Consignment' and 'Work With Square Books' pages — a formal channel for outside vendors. Faulkner/Oxford literary tees are an obvious fit.","Not a museum but one of America's most famous independent bookstores, a block from the courthouse in Faulkner's hometown with massive literary-tourism footfall; it already designs and sells its own literary tees and totes, so it's a natural wholesale stockist for Faulkner-themed apparel.",,open,,
A,Charles M. Schulz Museum and Research Center,Charles M. Schulz,Santa Rosa,CA,West & Southwest,Charles M. Schulz Museum (nonprofit); Snoopy's Gallery & Gift Shop across the street,"museumstore@schulzmuseum.org — dedicated MUSEUM STORE email published on the contact page (store guest services: Elianna Elias, elianna@schulzmuseum.org)",museumstore@schulzmuseum.org,(707) 579-4452,https://schulzmuseum.org/about/contact/,https://charles-m-schulz-museum.myshopify.com/,"Professional museum store plus online Shopify store; Director of Business Operations Jackie Rader (707) 284-1266, jackie@schulzmuseum.org, is also published. Caveat: product is essentially all licensed Peanuts material — generic author-themed tees may be a hard sell; Snoopy's Gallery & Gift Shop across the street is a separate retail business.","Very high-traffic, professionally run retail for a single creator — but Peanuts imagery is tightly licensed by Peanuts Worldwide, so only non-infringing Schulz-the-author designs (portrait/quote-free-of-characters) would be viable; pitch carefully or deprioritize.",,open,,
A,City Lights Booksellers & Publishers,Lawrence Ferlinghetti and the Beat writers,San Francisco,CA,West & Southwest,"City Lights Books, Inc. (independent bookstore/publisher)",Email staff@citylights.com (their published general inbox; site is behind aggressive bot protection so on-page re-verification wasn't possible) and ask for the sidelines/merch buyer,staff@citylights.com,,https://citylights.com/contact-us/,https://citylights.com/merchandise-gifts/,"World-famous, fully operating independent bookstore/publisher. Primarily a book retailer — sidelines/merch space is limited and curated; a Beat/Ferlinghetti-specific pitch to the buyer is the only realistic path.","A literary landmark with massive year-round tourist foot traffic in North Beach that already merchandises itself with tees and totes — a proven buyer category for literary apparel, though they favor their own branding, so pitch author-themed (Ferlinghetti/Beat) designs. Not a museum, but exactly the 'literary merch stockist' profile.",,open,,
A,"San Francisco Maritime National Historical Park — The Maritime Store, Hyde Street Pier",Melville-adjacent maritime (Moby-Dick / sea literature),San Francisco,CA,West & Southwest,San Francisco Maritime National Park Association (the park's cooperating association and the actual wholesale buyer),The Maritime Store page at maritime.org/store/ (browse manually — the domain returns 403 to all automated fetches); or call park HQ 415-561-7000 and ask to be routed to the Park Association store,,415-561-7000 (park HQ),https://maritime.org/store/,https://maritime.org/store/,"The buyer is the San Francisco Maritime National Park Association (the park's cooperating association), not NPS. The park is operating, and maritime.org is live but hard-blocks bots, so the store's current status and contacts could not be verified this pass — confirm manually before pitching. High Fisherman's Wharf foot traffic if operating; Moby-Dick/sea-literature product fits their book-heavy store.","Fisherman's Wharf location gives it some of the highest walk-by tourist volume of any maritime bookstore in the country, and as a cooperating association it buys for multiple park outlets at once.",yes,open,,
A,"The Huntington Store (The Huntington Library, Art Museum, and Botanical Gardens)","Multi-author (rare books: Gutenberg Bible, Audubon, literary manuscripts)",San Marino,CA,West & Southwest,The Huntington,Email thestore@huntington.org (verified store-specific email),thestore@huntington.org,(626) 405-2142,https://thehuntingtonstore.org/pages/about-us,https://thehuntingtonstore.org/,"Large, professionally run institutional store (open 6 days + full e-commerce) with very high visitor traffic. Buying is by The Huntington's in-house retail team; no published vendor form — pitch the store email with a linesheet. Rare-books/literary angle fits their book-arts merchandise.","Roughly a million visitors a year and a large, professionally buyer-managed store; its library wing (Gutenberg Bible, Chaucer, Shakespeare folios) supports literary-themed product lines.",,open,,
A,The Library Store at the Los Angeles Central Library,Multi-author (library/book culture),Los Angeles,CA,West & Southwest,Library Foundation of Los Angeles,Email librarystore@lfla.org — dedicated store inbox verified on shop.lfla.org,librarystore@lfla.org,,https://shop.lfla.org/pages/contact-us,https://shop.lfla.org/,"Professionally run by the Library Foundation of Los Angeles, physical store open 7 days plus online shop. Known for stocking independent/local makers of book-culture goods — one of the best fits on this list for literary tees.","One of the best-regarded museum-quality retail shops in the library world, open seven days in downtown LA; heavy emphasis on locally designed literary apparel and totes makes it a natural indie-maker account.",,open,,
A,The Stanley Hotel (Chrysalis at The Stanley gift shop),Stephen King (The Shining),Estes Park,CO,West & Southwest,Chrysalis at The Stanley (official gift shop of the Stanley Hotel),Phone (970) 577-4013 (no email published; contact form at /contact-1 appeared partly broken during check),,(970) 577-4013,https://www.stanleyhotelgiftshop.com/contact-1,https://www.stanleyhotelgiftshop.com/,"Chrysalis is the official Stanley Hotel gift shop — a commercial retailer, not a museum nonprofit, with heavy year-round Shining-tourism traffic. Already sells 'Room 217'/haunted-themed apparel and souvenirs. Stephen King/The Shining marks are licensed (WB) — pitch literary-horror-adjacent originals.","Not a museum but a literary historic site with enormous foot traffic — the hotel that inspired The Shining runs paid tours year-round at the gateway to Rocky Mountain NP, and the shop is a slick, single-author-driven retail operation already selling King/Shining-themed goods. Designs must avoid Warner Bros. film imagery (book/hotel angle only).",,open,,
A,Bob Dylan Center,Bob Dylan,Tulsa,OK,West & Southwest,American Song Archives (George Kaiser Family Foundation),Email info@bobdylancenter.com (verified on bobdylancenter.com) and ask for the retail manager,info@bobdylancenter.com,918-392-3353,https://bobdylancenter.com/,https://shop.bobdylancenter.com/,"Professionally run (George Kaiser Family Foundation), open Wed-Sun with physical shop + online store. Heads-up: Dylan name/likeness is tightly licensed — pitch generic songwriter/literary designs, not Dylan imagery.","Dylan is a Nobel laureate in Literature and the store runs exclusive collaborations with outside makers, so indie wholesale is a proven pattern here — though Dylan imagery/name rights are managed, so designs need care. Shares a buyer relationship with the Woody Guthrie Center — pitch both in one approach.",,open,,
A,Woody Guthrie Center,Woody Guthrie,Tulsa,OK,West & Southwest,American Song Archives (George Kaiser Family Foundation),Email info@woodyguthriecenter.org (verified on site; ask for the retail/store manager),info@woodyguthriecenter.org,918-574-2710,https://woodyguthriecenter.org/,https://shop.woodyguthriecenter.org/,"Open (ticketed admission), physical shop plus dedicated online store subdomain. Professionally run and George Kaiser Family Foundation-backed, in Tulsa's arts district next to the Bob Dylan Center — a serious, well-funded retail buyer. 'This Machine' style merch culture = strong tee fit.","Guthrie wrote 'Bound for Glory' and the center already sources merch from local/indie vendors — an explicit opening for a small maker. Professionally run, well-funded (Kaiser Foundation) retail in Tulsa's busy arts district; same operator as the Bob Dylan Center next door.",,open,,
B,Edgar Allan Poe House & Museum,Edgar Allan Poe,Baltimore,MD,Mid-Atlantic,"Poe Baltimore, Inc.",poebaltimoremanager@gmail.com (manager email on official contact page),poebaltimoremanager@gmail.com,410-462-1763,https://www.poeinbaltimore.org/about-poe-baltimore/contact/,https://poe-baltimore-inc.square.site/,"Open weekly for tours (reservations required); runs a Square online shop. Buying by Poe Baltimore, Inc. (small nonprofit; director Enrica Jang). Strong thematic fit for Poe merchandise.",Strong Poe brand with the annual International Edgar Allan Poe Festival driving crowds; Poe Baltimore runs professional online retail and already sells Poe-themed apparel and keepsakes — near-identical profile to the proven Arrowhead customer.,,open,,
B,The Whaling Museum & Education Center,Melville-adjacent whaling heritage (Moby-Dick),Cold Spring Harbor,NY,Mid-Atlantic,The Whaling Museum & Education Center of Cold Spring Harbor,"store@cshwhalingmuseum.org — dedicated 'Museum Store Inquiries' email (staffed by Angela or Lisa, ext. 11)",store@cshwhalingmuseum.org,631-367-3418 ext. 11 (Museum Store),https://cshwhalingmuseum.org/contact.html,,Open Tue-Sun 11-4 (summer hours). Professionally staffed small museum with a published store-inquiries email — one of the cleanest pitch paths on the list. Moby-Dick/whaling-heritage product fits their identity.,Small but active Long Island whaling museum with school-group traffic and year-round programming; a modest but on-theme prospect for the Moby-Dick line.,yes,open,,
B,Walt Whitman Birthplace State Historic Site & Interpretive Center,Walt Whitman,Huntington Station,NY,Mid-Atlantic,Walt Whitman Birthplace Association (NY State Parks site),Email administrator@waltwhitman.org (verified on site; director@waltwhitman.org also on file from the research sweep),administrator@waltwhitman.org,631-427-5240,https://www.waltwhitman.org/,https://www.waltwhitman.org/shop/,Open daily in summer; museum shop confirmed (members get 10% shop discount). Buyer is the Walt Whitman Birthplace Association (staffed nonprofit operating the NY State Parks site). Whitman tees are an obvious fit.,"Year-round hours, paid admission, school groups and poetry programs on Long Island; association-run retail with existing online store — a clean single-author (Whitman) fit.",,open,,
B,August Wilson African American Cultural Center,August Wilson,Pittsburgh,PA,Mid-Atlantic,August Wilson African American Cultural Center (nonprofit),Contact form at https://awaacc.org/about/contact/ (no public email listed); phone 412-339-1011 option 2,,(412) 339-1011,https://awaacc.org/about/contact/,,"Center is open and professionally run (galleries, Cafe Ase), but no gift shop is referenced anywhere on the site — retail presence unverified. Confirm a shop exists before pitching; merch may be event/lobby-based.","Downtown Cultural District venue with free admission, heavy theater and exhibition traffic, honoring America's most-produced playwright; a professional cultural institution whose shop centers on one author's legacy.",,open,,
B,Pearl S. Buck House (Green Hills Farm),Pearl S. Buck,Perkasie,PA,Mid-Atlantic,Pearl S. Buck International,info@pearlsbuck.org,info@pearlsbuck.org,215-249-0100,https://pearlsbuck.org/visit-the-pearl-s-buck-house/house/,,Docent tours running; 'International Gift Shop' in the Welcome Center. Buying by Pearl S. Buck International (nonprofit); shop skews international/fair-trade goods — angle the pitch accordingly.,"National Historic Landmark estate with year-round tours, gardens, weddings and events in visitor-heavy Bucks County; established gift shop at a single-author site backed by a professional nonprofit.",,open,,
B,The Rosenbach,"James Joyce, Maurice Sendak, Marianne Moore (rare-book museum)",Philadelphia,PA,Mid-Atlantic,The Rosenbach of the Free Library of Philadelphia,Email info@rosenbach.org (verified) and ask for the gift shop manager,info@rosenbach.org,(215) 732-1600,https://rosenbach.org/visit/,https://rosenbach-museum-library.square.site/s/shop,Open Thu-Sun; the site highlights that its NEW gift shop is open during public hours — a newly (re)launched shop is often actively sourcing product. Affiliated with the Free Library of Philadelphia. Joyce/Sendak/Moore-themed goods fit. No shop-specific email published.,"Home of the Ulysses manuscript with a big annual Bloomsday festival crowd; shop already leans into author-specific merch (Joyce, Sendak, Carroll), so single-author literary tees/totes fit the assortment directly.",,open,,
B,American Shakespeare Center (Blackfriars Playhouse),William Shakespeare,Staunton,VA,Mid-Atlantic,American Shakespeare Center,info@americanshakespearecenter.com (verified on their contact page),info@americanshakespearecenter.com,540-885-5588 (admin) / 1-877-682-4236 (box office),https://americanshakespearecenter.com/contact/,,Fully operating — Spring/Summer/Fall 2026 seasons on sale; box office open Wed–Fri 1–5 plus weekends. No dedicated gift shop confirmed (merch sold via box office/lobby); marketing@americanshakespearecenter.com also listed if info@ stalls.,"Home of the world's only re-creation of Shakespeare's indoor Blackfriars theatre, drawing year-round audiences to a small historic town; a smaller shop than OSF/USF but a very on-brand Shakespeare merch buyer.",,open,,
B,"Museum of Chincoteague Island (incl. Beebe Ranch, Misty's home)",Marguerite Henry (Misty of Chincoteague),Chincoteague,VA,Mid-Atlantic,Museum of Chincoteague Island (501(c)(3)),Contact form at chincoteaguemuseum.com/contact-us/ (no email published); or 757-336-6117,,757-336-6117 (museum); (757) 336-7035 (Beebe Ranch),https://chincoteaguemuseum.com/contact-us/,https://museum-of-chincoteague-island.shoplightspeed.com/,"501(c)(3) running both the museum (Tue-Sat 10-4) and Beebe Ranch, Misty's actual home (Tue-Sat 11-4). Strong seasonal Pony Swim tourist traffic and an active Lightspeed online shop — Misty/Marguerite Henry product is a natural fit.","Caveat: an island-history museum rather than an author house, but it holds the taxidermied Misty, rescued Beebe Ranch in 2023, and rides the pony-penning tourism wave Henry's book created — Misty/Henry literary merch is central to its identity and its Lightspeed e-commerce looks professionally run.",,open,,
B,The Poe Museum,Edgar Allan Poe,Richmond,VA,Mid-Atlantic,Poe Museum (independent 501(c)(3)),"info@poemuseum.org (verified on site), ask for museum shop buyer",info@poemuseum.org,804-648-5523,https://poemuseum.org/visit-us/,https://shop.poemuseum.org/,Open Tue–Sun with physical gift shop and its own online store; independent 501(c)(3) does its own buying. Obvious fit for Poe-themed apparel.,"One of the busiest single-author museums in the South (Unhappy Hour events, garden weddings); already sells Poe apparel through a professional online store, so author tees are a proven category for this buyer.",,open,,
B,American Writers Museum,Multi-author (American writers),Chicago,IL,Midwest,American Writers Museum (nonprofit),"Contact form at americanwritersmuseum.org/about/contact/ (no public email; ask for the store buyer), or call 312.374.8790",,312.374.8790,https://americanwritersmuseum.org/about/contact/,https://americanwritersmuseum.org/shop/,"Nonprofit museum on Michigan Ave, Chicago; shop sells 'AWM Exclusives' and gift lines — multi-author literary tees are an unusually direct product fit. No published email or vendor process; use the form/phone.","The flagship literary museum on Michigan Avenue with heavy tourist footfall and professional retail buying; not single-author, but ideal for her full multi-author line (Melville, Twain, Hemingway etc. in one order).",,open,,
B,Ernest Hemingway Birthplace Museum,Ernest Hemingway,Oak Park,IL,Midwest,Ernest Hemingway Foundation of Oak Park,"grouptours@ehfop.org (only email published on site), ask to reach the bookstore/gift shop buyer",grouptours@ehfop.org,708-445-3071,https://www.hemingwaybirthplace.com/bookstoregiftshop,https://ernest-hemingway-birthplace-museum.square.site/,Open Thu–Sun with an on-site bookstore/gift shop page confirmed. Buying by the Ernest Hemingway Foundation of Oak Park. Good author-tee fit; Oak Park gets steady literary tourism.,"Chicagoland tourist draw trading on one of the biggest author brands in America, with live e-commerce; her Melville-style designs translate directly to Hemingway. Note the email found is the group-tours address - use the site contact form for retail.",,open,,
B,Newberry Library Bookshop,Multi-author (rare books / literary history),Chicago,IL,Midwest,The Newberry Library,Formal product-submission page at bookshop.newberry.org/product-submissions (exactly the vendor door you want); backup info@newberry.org / shop ph 312-255-3520,info@newberry.org,312-255-3520,https://bookshop.newberry.org/product-submissions,https://bookshop.newberry.org/,"Bookshop confirmed open Wed-Sat (10-12:30, 1:30-4) inside the operating Newberry Library; already sells literary gifts (totes, prints, pins, patches, games) AND has a dedicated Product Submission process for outside vendors — one of the best-fit targets on this list.","Free-admission independent research library on Chicago's near-north side with regular exhibitions and a genuinely retail-minded bookshop (it imports Bodleian gift lines, showing it buys external literary merch).",,open,,
B,Kurt Vonnegut Museum and Library,Kurt Vonnegut,Indianapolis,IN,Midwest,Kurt Vonnegut Museum and Library (public-benefit nonprofit),Contact form/email via vonnegutlibrary.org once reachable (site returned Cloudflare 521/522 origin errors during this check — appears temporary),,317-423-0391,https://www.vonnegutlibrary.org/,https://www.kvmlshop.org/,"Museum at 543 Indiana Ave, Indianapolis, with hourly tours per its plan-your-visit page; operating per search listings, but the website was down (origin errors) during verification so the gift shop and a direct email could not be confirmed. KVML is known for Vonnegut merch — retry the site before pitching.","One of the best fits on the beat: a downtown Indy museum open six days a week that already sells author apparel as a core category, with a national cult-author brand and its own e-commerce channel.",,open,,
B,OZ Museum,L. Frank Baum (The Wizard of Oz),Wamego,KS,Midwest,Columbian Theatre Foundation (OZ Museum / Columbian Theatre),Email shop@ozmuseum.com — a dedicated store email verified on ozmuseum.com,shop@ozmuseum.com,(785) 458-8686,https://ozmuseum.com/pages/contact,https://shop.ozmuseum.com/,Run by the Columbian Theatre Foundation; open 7 days with 'THE OFFICIAL OZ MUSEUM STORE' plus online store (apparel already a core category). Note Wizard of Oz movie imagery is licensed (Turner/WB) — stick to Baum/book-derived designs.,"A destination attraction open seven days a week with the most aggressive retail program on this beat (exclusive merch lines, big apparel selection); Baum/Oz designs would slot straight into an existing tee wall.",,open,,
B,Judy Garland Museum & Children's Discovery Museum,L. Frank Baum / Judy Garland (The Wizard of Oz),Grand Rapids,MN,Midwest,Judy Garland Museum / Children's Discovery Museum (nonprofit),Phone 218-327-9276 (no email published on site),,218-327-9276,https://www.judygarlandmuseum.com/contact-us,https://www.judygarlandmuseum.com/,"Museum store confirmed ('take home a souvenir at the museum store') plus online cart. Established 2-acre attraction (birthplace home + Children's Discovery Museum, annual Judy Garland Festival). Wizard of Oz merch is core to their shop — strong fit for Baum/Oz tees.","Caveat: it's Garland's birthplace (actress, not author), but the retail is essentially an Oz literary-merch operation, open year-round with an annual Judy Garland Festival and group visits of 45+. Oz/Baum designs fit the shop's core inventory.",,open,,
B,Laura Ingalls Wilder Museum & Gift Store,Laura Ingalls Wilder,Walnut Grove,MN,Midwest,Laura Ingalls Wilder Museum of Walnut Grove (nonprofit),lauramuseum@walnutgrove.org (confirmed in current listings; museum site itself sits behind a bot-check),lauramuseum@walnutgrove.org,507-859-2358 / 800-528-7280,https://www.lauraingallspepin.com/gift-store/,https://walnutgrove.org/museum-online-gift-store/,Museum buildings seasonal (Apr–Oct) but the Gift Store runs most of the year (Tue–Fri 10–5 in winter) — retail is a core revenue line for this nonprofit. Buying done in-house by museum staff.,"Strong fit: apparel is already a top shop category, the store runs year-round e-commerce (Shopify), and the July Wilder Pageant brings surge crowds to the 'On the Banks of Plum Creek' town.",,open,,
B,Mark Twain Cave Complex,Mark Twain (Samuel Clemens),Hannibal,MO,Midwest,"Mark Twain Cave Complex (family-owned attraction; National Natural Landmark, the cave of Tom Sawyer)",Call (573) 231-1000 (no email published on the site),,(573) 231-1000,https://www.marktwaincave.com/find-us/,,"Family-owned commercial attraction (cave tours, winery, campground, events) with a gift shop billed as the 'Largest in Hannibal' already selling hoodies, toys and books. High Twain-tourist traffic; buying decisions by the family owners — phone pitch works.","High-volume, professionally run Twain attraction ('200 years of visitors') with a 100-spot campground and on-site winery; it already stocks apparel (hoodies), so Twain/Tom Sawyer tees and totes are a direct fit alongside the Boyhood Home across town.",,open,,
B,National Willa Cather Center,Willa Cather,Red Cloud,NE,Midwest,Willa Cather Foundation,Contact form at willacather.org/contact or phone 402-746-2653 asking for the bookstore/retail manager (no public email listed),,(402) 746-2653,https://www.willacather.org/contact,https://shop.willacather.org/,Open (even during 2026 highway construction). Runs 'Cather Books & Gifts' bookstore with a real Shopify store carrying apparel — apparel is already in their mix. Buyer is the Willa Cather Foundation (professional staff; staff directory at /staff).,"The most professional literary retail operation in Nebraska - a national center with museum, archive and e-commerce that already carries apparel; Cather draws academic and heritage tourists to Red Cloud year-round.",,open,,
B,Mazza Museum (University of Findlay),"Children's picture-book illustrators (9,000+ works; rotating single-artist exhibits)",Findlay,OH,Midwest,University of Findlay,Email mazzagiftshop@findlay.edu — dedicated gift-shop inbox verified on mazzamuseum.org,mazzagiftshop@findlay.edu,419-434-5345,https://www.mazzamuseum.org/gift-shop/,,"University of Findlay-run; gift shop open Sun/Wed-Fri selling children's-book-art gifts, apparel and toys — picture-book/illustrator-themed goods are the exact niche. University purchasing may apply.","World's largest collection of original picture-book art; its summer/fall conferences draw hundreds of teachers and librarians — exactly the demographic that buys literary tees and totes. University backing means a stable, professionally run shop.",,open,,
B,Ingalls Homestead,Laura Ingalls Wilder,De Smet,SD,Midwest,Ingalls Homestead (privately owned heritage attraction),Mail@ingallshomestead.com,Mail@ingallshomestead.com,800-776-3594 (or 605-854-3984),https://www.ingallshomestead.com/contactus,"Shop on ingallshomestead.com (Books & Music, Handcrafted, Gifts & Toys, Craft Kits)",Private living-history attraction on Laura's actual homestead quarter; strong summer family traffic (De Smet is a Wilder pilgrimage town). Shop already stocks handcrafted goods — good consignment/wholesale prospect. Same operation as the second De Smet entry below (duplicate).,"High-volume family attraction ($15/head, open daily 9-7 in season, covered-wagon rides and camping) separate from the Memorial Society - a second De Smet buyer for the same LIW line; commercially run and used to volume retail.",,open,,
B,Laura Ingalls Wilder Memorial Society,Laura Ingalls Wilder,De Smet,SD,Midwest,"Laura Ingalls Wilder Memorial Society, Inc.",info@discoverlaura.org (from current listings; site was intermittently 503 during checks),info@discoverlaura.org,605-854-3383,https://discoverlaura.org/visit,https://www.discoverlaura.org/shop,"Open year-round (expanded summer hours), gift shop plus online shop. Nonprofit society does its own buying; heavy seasonal LIW pilgrimage traffic in De Smet.","The premier 'Little Town on the Prairie' pilgrimage stop (Surveyors' House, Ingalls Home, schoolhouses) with year-round weekday hours and every visitor funneled through the shop - strong, proven LIW retail.",,open,,
B,Aldo Leopold Foundation / Leopold Center,Aldo Leopold,Baraboo,WI,Midwest,Aldo Leopold Foundation,"Email mail@aldoleopold.org (verified) — they already reference wholesale pricing, so ask for the store/retail coordinator",mail@aldoleopold.org,(608) 355-0279,https://www.aldoleopold.org/visit/,https://www.aldoleopold.org/store,"Leopold Center open seasonally May-Oct (plus Nov crane tours). Foundation store confirmed, and the site explicitly mentions 'Wholesale Pricing' for bulk purchases — they understand wholesale mechanics. Professionally staffed conservation nonprofit; Sand County Almanac-themed goods fit.",Well-funded national conservation nonprofit near Wisconsin Dells tourism with professional retail and e-commerce; A Sand County Almanac readers are exactly the tote-and-tee demographic.,,open,,
B,Gillette Castle State Park,"William Gillette (playwright, stage's original Sherlock Holmes)",East Haddam,CT,New England,Connecticut DEEP State Parks; gift shop run by Friends of Gillette Castle State Park,Email info@gillettecastlefriends.org (verified on Friends site),info@gillettecastlefriends.org,(860) 222-7850,https://www.gillettecastlefriends.org/,,"Gift shop buying is done by the Friends of Gillette Castle State Park, a nonprofit all-volunteer organization (est. 1998) — not CT DEEP. Castle/visitor center seasonal (Memorial Day-Labor Day daily, weekends to Columbus Day) but park traffic is high. Sherlock Holmes-themed goods are a natural pitch.","One of Connecticut's most-visited state parks (roughly 300,000 grounds visitors a year); Gillette wrote and defined Sherlock Holmes on stage, so Holmes/theatrical-literary designs fit a shop that already sells clothing and runs member discounts — a real, actively managed retail operation.",,open,,
B,Harriet Beecher Stowe Center (Stowe Center for Literary Activism),Harriet Beecher Stowe,Hartford,CT,New England,Stowe Center for Literary Activism,Email info@stowecenter.org (verified on stowecenter.org) and ask to be routed to the visitor-center store buyer,info@stowecenter.org,860-522-9258,https://stowecenter.org/visit/,,"Store is the 'New Dawn Bookstore by River Bend Bookshop' in the Visitor Center — run in partnership with River Bend Bookshop (Glastonbury CT indie), so book/gift buying may route through River Bend's buyer rather than Stowe staff. Open Wed-Sun.","Sits directly next door to the Mark Twain House, sharing its literary-tourist traffic; shop is actively merchandised (sales promotions, curated abolition/women-writers titles) and a Stowe/Uncle Tom's Cabin design line would be the only author merch of its kind.",,open,,
B,Concord Museum,Henry David Thoreau (and Ralph Waldo Emerson),Concord,MA,New England,Concord Museum (Concord Antiquarian Society),"Phone 978-369-9763 or the website contact form (their email is script-obfuscated on the site, so it could not be read/verified)",,978-369-9763,https://concordmuseum.org/visit/,,"Shop confirmed near museum entrance selling 'Concord souvenirs, books, local crafts and gifts' — already stocks local makers, good consignment/wholesale angle. Buying done by museum shop staff (Concord Museum nonprofit). Open Tue-Sun.","Holds the world's largest Thoreau collection including his Walden desk, plus Emerson's study — the shop already sells apparel, and the museum anchors Concord's heavy literary/school-group tourism. Professionally run mid-size museum.",,open,,
B,Fruitlands Museum,Louisa May Alcott / Bronson Alcott (Transcendentalist Fruitlands experiment),Harvard,MA,New England,The Trustees of Reservations,Phone (978) 456-3924 asking for the gift shop at Prospect House (the published email is education-specific),fruitlandseducation@thetrustees.org,(978) 456-3924,https://thetrustees.org/place/fruitlands-museum/,,"Seasonal: Apr 30-Nov 1, 2026, Thu-Sun 10-4. Gift shop at Prospect House confirmed and it explicitly sells work by local artists and artisans — consignment/small-vendor friendly. Buying by The Trustees of Reservations (same org as The Old Manse — one pitch could cover both properties). Alcott/Transcendentalist themes fit.","The 1843 farmhouse where young Louisa May Alcott lived during the Fruitlands experiment ('Transcendental Wild Oats'); The Trustees runs professional retail across dozens of properties, and an Alcott/Transcendentalist line complements Orchard House 20 minutes away. Seasonal Apr–Nov, $18 adult admission implies steady visitor volume.",,open,,
B,Green Briar Nature Center & Jam Kitchen (Thornton W. Burgess Society),Thornton W. Burgess,East Sandwich,MA,New England,Thornton W. Burgess Society,Email info@thorntonburgess.org (verified on site),info@thorntonburgess.org,508-888-6870,https://thorntonburgess.org/,,"Open and staffed (not purely volunteer). 'Mercantile' shop confirmed: jams/Beach Plum Jelly, Burgess books, character puppets, linens — already stocks character merch, decent fit for Burgess-themed goods. Buyer is the Thornton W. Burgess Society.","Cape Cod family attraction celebrating the Peter Cottontail author, with a genuine retail operation (the Mercantile) that already mixes author titles with gift goods; children's-author designs (Peter Rabbit's briar patch is literally on site) would slot right in.",,open,,
B,Longfellow House–Washington's Headquarters National Historic Site,Henry Wadsworth Longfellow,Cambridge,MA,New England,"National Park Service; park store run by America's National Parks (Eastern National), the cooperating association","Eastern National's 'Selling to Eastern National' vendor form at easternnational.org/for-vendors/selling/ (info@easternnational.org, 215-283-6900) — NOT the park itself",info@easternnational.org,617-876-4491,https://easternnational.org/for-vendors/selling/,https://shop.americasnationalparks.org/,"Store in the visitor center is run by America's National Parks / Eastern National (the cooperating association) — the actual wholesale buyer. Formal process: Vendor Review Form (or Local Artisan Product Submission form); products vetted by NPS staff for quality, historical accuracy, and site-theme fit. One pitch to EN can cover multiple parks (also Zane Grey PA, Booker T. Washington, Carl Sandburg NHS).","The wholesale buyer here is America's National Parks / Eastern National, which buys centrally for hundreds of NPS park stores — landing this account could place Longfellow (and other author) designs at multiple literary NPS sites at once. Site itself is seasonal (May-October) in a high-tourism Cambridge location.",,open,,
B,Longfellow's Wayside Inn,Henry Wadsworth Longfellow,Sudbury,MA,New England,Wayside Inn Foundation (501(c)(3)),Email info@wayside.org (verified on site); Foundation office twif@wayside.org / 978-295-1716 as backup,info@wayside.org,978-443-1776,https://www.wayside.org/,,"Inn, restaurant, gift shop and Grist Mill products all operating; retail is run by the Wayside Inn Foundation (501c3), which is the buyer.","America's oldest operating inn, immortalized in Longfellow's 'Tales of a Wayside Inn,' with steady restaurant/lodging traffic; current shop stock skews to grist-mill foods and gift cards, so a Longfellow-themed line would be an upgrade pitch rather than a like-for-like reorder.",,open,,
B,The Edward Gorey House,Edward Gorey,Yarmouth Port,MA,New England,The Edward Gorey House / Edward Gorey Charitable Trust,Email edwardgoreyhouse@gmail.com (verified on the House contact page); store@edwardgorey.org handles GoreyStore online-order inquiries,edwardgoreyhouse@gmail.com,508-362-3909,https://edwardgoreyhouse.org/pages/contact-us,https://www.edwardgorey.org/,House is open for its 2026 season with an on-site shop plus two online outlets (EGH Bookshop and the GoreyStore). Important: the House does NOT hold Gorey licensing — anything using Gorey artwork must be licensed via the Edward Gorey Charitable Trust; generic literary/author-themed gifts can pitch the House directly.,"Cult-favorite Cape Cod author/illustrator house whose fans are exceptionally merch-hungry — the shop is a major revenue engine with a dedicated store email. Note the Charitable Trust controls Gorey imagery, so pitch author-themed (not artwork-reproducing) designs or expect a licensing conversation.",,open,,
B,The Old Manse,Ralph Waldo Emerson and Nathaniel Hawthorne,Concord,MA,New England,The Trustees of Reservations,Email oldmanse@thetrustees.org (verified on property page),oldmanse@thetrustees.org,(978) 369-3909,https://thetrustees.org/place/the-old-manse/,https://shopthetrustees.org/pages/the-old-manse,"On-site specialty bookstore (Transcendentalism/Concord authors focus), open same hours as the house (Thu-Mon 11-5). Buying is by The Trustees of Reservations, a large statewide nonprofit — retail decisions may be routed to Trustees central retail staff, but the property email is the door.","Sits at Concord's North Bridge tourist cluster; The Trustees is a large professional statewide operator with centralized retail (shopthetrustees.org), so one wholesale relationship could reach multiple Trustees properties.",,open,,
B,Wadsworth-Longfellow House / Maine Historical Society Museum Store,Henry Wadsworth Longfellow,Portland,ME,New England,Maine Historical Society,Email MuseumStore@mainehistory.org (sweep-provided; store page confirmed live but is JS-rendered so the address could not be re-verified on-page),MuseumStore@mainehistory.org,207-774-1822 ext. 208,https://www.mainehistory.org/plan-your-visit/mhs-store/,https://shop.mainehistory.org/,"Buyer is Maine Historical Society retail staff; the MHS Store page exists on the current site (plan-your-visit/mhs-store) and MHS is fully active (2025-26 events calendar). Longfellow is the house brand — good fit. Site blocks bots, so use email first.",Longfellow's boyhood home anchors downtown Portland's tourist strip; the store already maintains a named Longfellow product collection and has a dedicated store email/extension — a professional buyer with proven appetite for exactly this author.,,open,,
B,Lovecraft Arts & Sciences (Arcade Providence),H.P. Lovecraft,Providence,RI,New England,Lovecraft Arts & Sciences Council (nonprofit; producer of NecronomiCon Providence),Phone (401) 264-0838 or website contact at weirdprovidence.org (no email published on the page checked),,(401) 264-0838,https://weirdprovidence.org/,https://weirdprovidence.org/,"First and foremost a retail store (Mon-Sat 11-6, Sun 12-5) in the historic Arcade, run by the nonprofit Lovecraft Arts & Sciences Council (producers of NecronomiCon Providence). Lovecraft is public domain — strong fit for weird-fiction/author tees; conventions create bulk-buy spikes.","A merch-forward, single-author literary shop open seven days a week in downtown Providence's historic Arcade, with a biennial convention (NecronomiCon) audience — exactly the customer profile for indie author-themed tees and gifts, and Lovecraft's fandom skews heavily to wearables.",,open,,
B,Ivy Green — Birthplace of Helen Keller,Helen Keller,Tuscumbia,AL,South,Helen Keller Birthplace Foundation,Call 256-383-4066 (no email or contact form found on site),,256-383-4066,https://helenkellerbirthplace.org/,,"Open Mon-Sat 8:30-4 year-round; run by the Helen Keller Birthplace Foundation. Solid tourist traffic (Helen Keller Festival, 'The Miracle Worker' performances) but the website publishes no gift shop info or email — call to confirm the shop and buyer.","Author of 'The Story of My Life' and a dozen other books; the annual Miracle Worker outdoor play and Helen Keller Festival drive heavy seasonal traffic through a dedicated gift shop, open six days a week — an established, professionally run house-museum retail operation.",,open,,
B,Monroe County Museum — Old Courthouse Museum,Harper Lee and Truman Capote,Monroeville,AL,South,Monroe County Museum (Monroe County Heritage Museums),"mchm@frontiernet.net (museum's main email), reference the gift shop",mchm@frontiernet.net,251-575-7433,https://www.monroecountymuseum.org/gift-shop,,"Open M–F 10–4, Sat 10–2; dedicated gift-shop page on site. Buying by Monroe County Heritage Museums staff. Spring 'To Kill a Mockingbird' play season drives literary-tourist traffic — good fit for Lee/Capote merchandise.","The 'Literary Capital of Alabama' draws Mockingbird pilgrims year-round, and its annual sold-out courtroom play brings thousands; the shop already sells author-themed t-shirts, so the category is proven — plus two authors (Lee and Capote) from one stop.",,open,,
B,Tennessee Williams Museum,Tennessee Williams,Key West,FL,South,Key West Art & Historical Society,KWAHS contact form (kwahs.org/contact/) or ph 305-204-4527 — ask for the museum store/retail manager,,305-204-4527,https://www.kwahs.org/contact/,https://www.kwahs.org/store/,"TEMPORARILY closed while relocating to 604 Whitehead St ('coming soon') — not permanent; good timing to pitch for the reopening merch reset. Buyer is the Key West Art & Historical Society, which runs retail across its four museums plus an online store.",Run by an established multi-museum nonprofit (also operates the Key West Lighthouse and Custom House) with professional retail buying; the new location next to the Hemingway Home's tourist flow and a from-scratch expanded shop opening Fall 2026 make this a perfectly timed pitch.,,open,,
B,Wizard of Oz Museum,L. Frank Baum (The Wizard of Oz),Cape Canaveral,FL,South,"Wizard of Oz Museum (private, for-profit attraction)",Contact form at wizardofozflorida.com/contact.html (no email published); or (888) 949-6369,,(888) 949-6369,https://wizardofozflorida.com/contact.html,https://wizardofozflorida.com/shop.html,"Private for-profit attraction, open daily 9-5; website address reads 333 W Cocoa Beach Causeway, Cocoa Beach FL (not Cape Canaveral). Baum's books are public domain but 1939-film elements (ruby slippers etc.) are licensed — pitch book-based designs.","Open 9–5 daily on the main tourist strip near Port Canaveral's cruise terminals — steady walk-in tourist volume. Because all merch sales are in-person, the shop constantly needs physical inventory, which favors wholesale suppliers.",,open,,
B,Andalusia Farm — Andalusia Interpretive Center,Flannery O'Connor,Milledgeville,GA,South,Georgia College & State University,"suzanna_parker@gcsu.edu (supplied contact, not shown on public page — verify by phone 478-445-8722)",suzanna_parker@gcsu.edu,478-445-8722,https://www.gcsu.edu/andalusia/gift-shop,,"Open Tue–Sat 10–4, Sun 2–4 with a confirmed gift shop (O'Connor books, mugs, souvenirs, local art). Operated by Georgia College & State University — buying goes through university/Andalusia staff; consignment of local art suggests openness to small vendors.",University-backed operation with a brand-new purpose-built interpretive center and gift shop — professionally run retail with institutional purchasing. O'Connor's centennial (2025) boosted pilgrimage traffic; single-author focus is total.,,open,,
B,Margaret Mitchell House (Atlanta History Center Midtown),Margaret Mitchell,Atlanta,GA,South,Atlanta History Center,Atlanta History Center main line 404-814-4000 / contact form (ask for the museum shop buyer); no retail email published,,404-814-4000,https://www.atlantahistorycenter.com/contact/,,"Active AHC Midtown site (ticketed admission + Bloomberg Connects audio tour live). No shop verified at the Midtown house itself — retail buying would run through Atlanta History Center's museum shop at the Buckhead main campus, a professionally run institution.","Caveat: on-site retail shrank to a small book/souvenir counter after the 2024 reopening, but the buyer is Atlanta History Center's professional multi-site museum retail operation, which could place a Mitchell line at either campus; Midtown location draws steady GWTW tourism.",,open,,
B,Abbey of Gethsemani Welcome Center & Gift Shop,Thomas Merton,Trappist,KY,South,Abbey of Gethsemani (Trappist monastery; retail via Gethsemani Farms),Phone 800-549-0912 or the Gethsemani Farms customer-service form,,800-549-0912,https://www.gethsemanifarms.org/,https://www.gethsemanifarms.org/,"POOR FIT: retail (Gethsemani Farms + welcome center shop) sells the monks' own fruitcake, fudge, preserves, coffee and religious items — no evidence they stock third-party gifts beyond Merton books. Buyer would be the abbey's store manager. Deprioritize.","Merton lived and wrote his 50+ books here; the monastery draws a constant stream of retreatants and literary/spiritual pilgrims and already runs a polished national mail-order operation (fruitcake/fudge plus books). A respectful Merton-themed line could fit, though buying decisions sit with a monastic community — expect a conservative aesthetic.",,open,,
B,Jesse Stuart Foundation Bookstore & Gift Shop,Jesse Stuart,Ashland,KY,South,Jesse Stuart Foundation (nonprofit publisher and bookseller),jsf@jsfbooks.com,jsf@jsfbooks.com,606-326-1667 (toll-free 855-407-6243),https://jsfbooks.com/contact/,"https://jsfbooks.com (plus 6,000+ titles on their Amazon storefront)","The JSF is itself a nonprofit publisher and bookseller — walk-in store Mon-Fri noon-3, curbside pickup, active online/Amazon retail. They understand trade terms better than most on this list; pitch Appalachian/regional-author product directly to jsf@jsfbooks.com.","A hybrid author-legacy museum/bookstore that is also Kentucky's second-largest publisher — an experienced wholesale-side organization that understands trade terms; sells regional crafts alongside books, so an Appalachian author-themed gift line fits their mix.",,open,,
B,Faulkner House Books (stockist prospect),William Faulkner,New Orleans,LA,South,Faulkner House Books (independent bookstore in Faulkner's 1925 residence),Phone 504-524-2940 (no email published; site blocks bots — use the website contact form as backup),,504-524-2940,https://faulknerhousebooks.com/,https://faulknerhousebooks.com/,"Confirmed operating daily 10-5 at 624 Pirate's Alley (founded 1988 by Joseph DeSalvo Jr. & Rosemary James). Tiny, curated French Quarter bookshop with heavy literary-tourist traffic; pitch the owner directly — space is limited and mostly books.","Not a museum but a literary-landmark bookstore in the house where Faulkner wrote his first novel, steps from Jackson Square's enormous French Quarter foot traffic; a curated shop that could stock a tasteful Faulkner line, though its focus is books over merchandise.",,open,,
B,Eudora Welty House & Garden,Eudora Welty,Jackson,MS,South,Mississippi Department of Archives and History,Email info@eudoraweltyhouse.com (verified on official visit page),info@eudoraweltyhouse.com,(601) 353-7762,https://welty.mdah.ms.gov/visit,,"Open Tue-Sat with guided tours; gift shop confirmed at the Visitor Center. Operated by the Mississippi Department of Archives and History — a state agency, so buying may involve state procurement or the Welty Foundation; ask who purchases for the shop.","State-agency-run National Historic Landmark with a purpose-built visitor center; the store already stocks author shirts, so the exact product category is proven. Modest but steady tour traffic plus school and literary-conference groups.",,open,,
B,Rowan Oak (via the University of Mississippi Museum Store),William Faulkner,Oxford,MS,South,University of Mississippi Museum and Historic Houses,"Email museum@olemiss.edu (verified; director Karleen Gardner, kvgardn1@olemiss.edu, is a named senior contact)",museum@olemiss.edu,662-915-7073,https://olemiss.edu/museum/,https://rowanoak.com/,"University of Mississippi Museum (manages Rowan Oak) is active; the museum store/keepsake line wasn't visible on the current site, so confirm store status when pitching. Buying is by university museum staff. Faulkner merch is a natural fit for Oxford MS.","Rowan Oak draws international Faulkner pilgrims year-round; retail is handled by the university museum — an institutional buyer with real merchandising (branded keepsakes, phone orders, shipping). Pitch the UM Museum Store as the purchasing contact for Faulkner/Rowan Oak designs.",,open,,
B,Tennessee Williams Home & Welcome Center,Tennessee Williams,Columbus,MS,South,Visit Columbus (Columbus-Lowndes Convention & Visitors Bureau),Phone 662-328-0222 (no email published); ask for the CVB staffer who buys for the Welcome Center gift shop,,662-328-0222,https://visitcolumbusms.org/places-to-visit/tennessee-williams-home-and-welcome-center-c-1875/,,"Official city Welcome Center with gift shop ('take a piece of Columbus home'), $5 tours. Buying by the Columbus-Lowndes Convention & Visitors Bureau (main office 662-329-1191) — professionally staffed, small shop.","CVB-run, open six days a week with welcome-center foot traffic beyond literary tourists, and anchors the annual Tennessee Williams Tribute; current shop stock skews general Columbus souvenirs, so a Williams-specific line fills an obvious gap.",,open,,
B,Carl Sandburg Home National Historic Site (Connemara),Carl Sandburg,Flat Rock,NC,South,National Park Service; park store run by America's National Parks (Eastern National's retail brand) — the actual wholesale buyer,America's National Parks / Eastern National vendor form (easternnational.org/for-vendors/selling/); park store ph 828-693-4178,info@easternnational.org,828-693-4178,https://easternnational.org/for-vendors/selling/,https://shop.americasnationalparks.org/,"Park store confirmed open Tue-Sun 9-5 inside the Sandburg Home, operated by America's National Parks (official NPS nonprofit partner) — they are the wholesale buyer via the EN vendor review process. Well-visited site; best Sandburg-specific outlet.","NPS unit near Asheville/Hendersonville tourism corridor with a professionally run cooperating-association store open 6 days a week plus e-commerce. America's National Parks buys wholesale for many park stores at once, so one vendor approval could open multiple literary NPS sites.",,open,,
B,Sharlot Hall Museum,Sharlot Hall (poet and Arizona territorial historian),Prescott,AZ,West & Southwest,Sharlot Hall Museum / Sharlot Hall Historical Society of Arizona,Museum Store page / site contact form at sharlothallmuseum.org (site blocks automated readers — no email or phone could be verified from page content),,,https://sharlothallmuseum.org/museum-store/,,"Established professional regional museum (4-acre campus, Prescott's main heritage attraction) with a real museum store; store page is live and the site was independently confirmed active as of Feb 2026, but the website serves a bot challenge to scripts, so contacts must be pulled manually from the store/contact pages.","A professionally run multi-building heritage campus in downtown Prescott named for its founder-poet; the store sells books and local artisan goods, so a Sharlot Hall line would be niche but on-brand. Broader Arizona-history focus dilutes the single-author angle somewhat.",,open,,
B,Hans Christian Andersen Museum (above The Book Loft),Hans Christian Andersen,Solvang,CA,West & Southwest,Ugly Duckling Foundation (museum); The Book Loft (host bookstore/retail),Email mail@bookloftsolvang.com (verified on The Book Loft's contact page — the bookstore is the retail host/buyer for the museum upstairs),mail@bookloftsolvang.com,805-688-6010,https://bookloftsolvang.com/,,Book Loft confirmed operating daily 10am-7pm in Solvang's high-traffic Danish tourist village; the free HCA museum (Ugly Duckling Foundation) sits upstairs but the bookstore does the retail buying. Andersen/fairy-tale gifts are exactly their niche.,"Caveat: the wholesale buyer here is the for-profit Book Loft rather than the museum itself, but Solvang's Danish-village tourism (over a million visitors a year) funnels through this corner and Andersen-themed gifts are its signature category.",,open,,
B,Henry Miller Memorial Library,Henry Miller,Big Sur,CA,West & Southwest,Henry Miller Memorial Library (nonprofit arts center),hmlib@henrymiller.org (they explicitly prefer email),hmlib@henrymiller.org,831-238-2890 (Magnus; they prefer email due to phone trouble),https://www.henrymiller.org/contact/,https://www.henrymiller.org/?page_id=192,"Open 7 days 11–5 (occasional private-event closures). It IS a bookstore/arts venue at heart — buying by the small nonprofit staff (Magnus Toren, director). Good fit for Miller/Beat-adjacent literary goods.","A beloved Highway 1 stop capturing heavy Big Sur tourist flow; the retail floor mixes Miller books with art and gifts, and the counterculture-literary vibe suits indie author merch well. Small nonprofit, so expect modest but repeatable orders.",,open,,
B,Jack London State Historic Park (House of Happy Walls Museum & Jack's Shop),Jack London,Glen Ellen,CA,West & Southwest,Jack London Park Partners (operates the park for California State Parks),Contact page https://jacklondonpark.com/contact/ (email is obfuscated on-page; staff directory linked) or phone (707) 938-5216,,(707) 938-5216,https://jacklondonpark.com/contact/,https://jacklondonpark.com/jacks-shop/all-items/,"Park and Jack's Shop operating; buying is done by Jack London Park Partners, the nonprofit that operates the park for CA State Parks (not the state). Active online store selling apparel, souvenirs, and the complete London catalog — author tees fit well.",A single-author state park in Sonoma wine country with two retail points (museum gift shop plus weekend cottage shop) and strong hiking/wine-tourism visitation. Nonprofit operator curates author-focused merchandise — very close match to the Arrowhead profile.,,open,,
B,John Muir National Historic Site,John Muir,Martinez,CA,West & Southwest,National Park Service; park store run by Western National Parks Association (WNPA),"Pitch Western National Parks Association (wnpa.org, Tucson AZ) — the cooperating association that operates and buys for the park store; park ph 925-228-8860",,925-228-8860,https://www.wnpa.org/,https://store.wnpa.org/collections/john-muir-national-historic-site,"Park store confirmed (cashless, in visitor center, WNPA-operated, with a John Muir collection on store.wnpa.org). WNPA — not the park — is the wholesale buyer; one WNPA pitch could also cover its ~70 other western parks. Muir/nature tees fit their 'celebrate conservation' assortment.","Muir is one of the most merchandisable American authors (nature quotes sell), and the WNPA store here is a curated, professionally run NPS partner shop; same WNPA buyer as Tao House, so pitch both together. Easy freeway access in the Bay Area gives steady visitation.",,open,,
B,National Steinbeck Center,John Steinbeck,Salinas,CA,West & Southwest,National Steinbeck Center (501c3 nonprofit),Email info@steinbeck.org (address verified on site; ask to be routed to the museum store buyer),info@steinbeck.org,831-775-4721,https://www.steinbeck.org/,https://steinbeck.org/shop/,"Open daily 10-5, professional mid-size nonprofit museum at 1 Main St Salinas. Its lobby museum store didn't appear on the pages fetched, so confirm current store status in the pitch. Steinbeck tees are a strong thematic match.","The flagship single-author museum of the West, anchoring downtown Salinas with interactive exhibits and steady tourist traffic from the Monterey corridor; dedicated museum store with staff and an online presence looks professionally run. A one-author Steinbeck tee/tote line is a near-perfect analog to the Arrowhead/Melville sale.",,open,,
B,The Beat Museum,Jack Kerouac and the Beat Generation,San Francisco,CA,West & Southwest,The Beat Museum (independently owned since 2003),Website contact via kerouac.com once reopened (site behind a verification wall during check; no email verified),,,https://www.kerouac.com/visit/,https://www.kerouac.com/,"TEMPORARILY closed for a soft-story seismic retrofit (since Nov 2025, expected to reopen mid-2026 — check now, Aug 2026, may be imminent or done); staff/programming moved to the Counterculture Museum meanwhile. Not permanently closed. Independently owned; the bookstore/gift shop (apparel included) is the heart of the business — a reopening is an ideal moment to pitch fresh stock.","Already deep in author-themed apparel (exclusive Kerouac designs, totes, tees) with an active e-commerce operation — an obvious wholesale fit. Caution: homepage announced a temporary closure for an earthquake retrofit, so confirm reopening timing; the online store remains active.",,open,,
B,Sequoyah's Cabin Museum,Sequoyah (creator of the Cherokee syllabary),Sallisaw,OK,West & Southwest,Cherokee Nation (Visit Cherokee Nation / Cherokee Nation Businesses),Email info@VisitCherokeeNation.com (verified) — ask for the Cherokee Nation gift shops buyer,info@VisitCherokeeNation.com,(877) 779-6977,https://visitcherokeenation.com/attractions/sequoyahs-cabin-museum/,,"Open Tue-Sat 10-4, free admission; operated by Visit Cherokee Nation (Cherokee Nation Businesses). No on-site shop confirmed, but Cherokee Nation runs a centralized gift-shop program across its attractions — buying is corporate, and they may require Native-made or culturally vetted products for Sequoyah-related merchandise.","Cherokee Nation runs gift shops across multiple heritage sites (like an NPS cooperating association, one buyer serves many stores), and Sequoyah — the man who gave a language its written form — is a powerful single-author story for literary merch. Cultural sensitivity and Cherokee-made preferences may apply.",,open,,
B,Will Rogers Memorial Museum,Will Rogers,Claremore,OK,West & Southwest,Oklahoma Historical Society / Will Rogers Memorial Museums,"jennifer.poe@history.ok.gov (named staff email on the visit page), then the gift shop direct line 918-343-8115",jennifer.poe@history.ok.gov,918-343-8115 (Gift Shop direct); 918-341-0719 (main),https://www.willrogers.com/vist-plan-go,,Operated under the Oklahoma Historical Society (note the state .gov email domain — purchasing may follow state/OHS processes). Open daily 10-5 (closed Mon/Tue Nov 11-Mar 1). Gift shop has its own published phone line.,"A substantial single-author (humorist/columnist) museum on Route 66 with a fully staffed gift shop — four named retail staff signals real wholesale volume, and Route 66 centennial traffic (2026) is a tailwind. One of the strongest fits on this beat.",,open,,
B,Oregon Shakespeare Festival Gift Shop,William Shakespeare,Ashland,OR,West & Southwest,Oregon Shakespeare Festival Association (shop formerly run by the Tudor Guild; OSF now operates it — the old tudorguild.org domain is defunct/hijacked),Call the gift shop at 541-552-2868 (verified on osfashland.org; no shop email published),,541-552-2868,https://www.osfashland.org/plan-your-visit/gift-shop.aspx,,"Shop confirmed operating for the 2026 season at Main & Pioneer, open Tue-Sun 10am-8pm, selling shirts, hats, sweatshirts and books — apparel is their lead category. OSF itself now runs the shop (Tudor Guild is gone; tudorguild.org confirmed hijacked by a spam site — do not use it). Seasonal theatre-tourist traffic.","One of the largest regional theaters in the US with a months-long season drawing ~100k+ playgoers to a small town; the shop explicitly leads with shirts and sweatshirts, so Shakespeare-themed apparel is its core category.",,open,,
B,Armstrong Browning Library & Museum,Robert Browning and Elizabeth Barrett Browning,Waco,TX,West & Southwest,Baylor University Libraries,"Rachel Bates, Gift Gallery shop manager — rachel_bates@baylor.edu (named manager email verified on Baylor's gift gallery page)",rachel_bates@baylor.edu,254-710-4964,https://library.web.baylor.edu/visit/giftgallery,https://pay.baylor.edu/C20024_ustores/web/store_main.jsp?STOREID=27,"Gift Gallery operating (already sells Browning tees, mugs, totes; select items on Baylor Marketplace online). Buying by Baylor University Libraries staff — expect university vendor/PO process.","World's largest Browning collection in a spectacular building that rides Waco's Magnolia/Silos tourism boom, free to visit, with a university-run gift gallery and online store — a professional buyer for a two-poet ('How do I love thee') themed line.",,open,,
B,Utah Shakespeare Festival Gift Shops,William Shakespeare,Cedar City,UT,West & Southwest,Utah Shakespeare Festival (affiliated with Southern Utah University),Phone (435) 586-7878 (or 800-PLAYTIX) asking for the gift shop manager; no shop email published,,(435) 586-7878,https://www.bard.org/visit/guest-services/,,Two seasonal shops confirmed for 2026: Engelstad Gift Shop (June 18-Sept 4) and Randall Gift Shop (June 22-Oct 3). Buyer is the festival organization (affiliated with Southern Utah University — purchasing may run through SUU processes). Shakespeare tees are a natural; pitch in winter/spring for the summer season.,"Tony-winning festival running June-October with two retail outlets open nightly through the season; clothing is named first among its souvenir categories, so a Shakespeare tee line fits the existing assortment.",,open,,
C,Frederick Douglass National Historic Site (Cedar Hill),Frederick Douglass,Washington,DC,Mid-Atlantic,National Park Service; bookstore run by Eastern National (cooperating association),Pitch Eastern National (the NPS cooperating association that manages the visitor-center bookstore) via easternnational.org vendor submission — site staff do not buy merchandise,,771-208-1499,https://www.nps.gov/frdo/getinvolved/partners.htm,https://shop.americasnationalparks.org/,"NPS confirms 'Eastern National manages a bookstore in the site's visitor center.' All product/vendor decisions go through Eastern National's central buying team, the same channel as other NPS-site stores — one pitch to Eastern National can cover multiple literary NPS sites (Poe, Douglass, etc.).","High-visitation DC site honoring the author of the 'Narrative'; the wholesale buyer is again Eastern National / America's National Parks, reinforcing the value of one association-level account across Poe NHS, Zane Grey, Douglass, and Booker T. Washington sites.",,open,,
C,All Things Oz Museum,L. Frank Baum,Chittenango,NY,Mid-Atlantic,The International L. Frank Baum & All Things Oz Historical Foundation,Email main@allthingsoz.org (verified on site; site is bot-protected so hours/shop pages couldn't be loaded),main@allthingsoz.org,315-333-2286,https://allthingsoz.org/,,"Self-described 'volunteer run non-profit' (International L. Frank Baum & All Things Oz Historical Foundation). Active org — runs the annual Oz-Stravaganza festival, a big seasonal merch spike. Gift shop likely but not verifiable through the bot wall; confirm by email.",Baum's birthplace museum with a nationally recognized gift shop and the annual Oz-Stravaganza festival crowd; Oz/Baum fandom buys heavily themed apparel and gifts — a very strong single-author fit.,,open,,
C,Almanzo Wilder Farm (Wilder Homestead),Laura Ingalls Wilder / Almanzo Wilder (Farmer Boy),Malone,NY,Mid-Atlantic,Almanzo & Laura Ingalls Wilder Association,farm@almanzowilderfarm.com,farm@almanzowilderfarm.com,518-483-1207,https://www.almanzowilderfarm.com/contact,https://almanzosgeneralstore.com,"Volunteer Almanzo & Laura Ingalls Wilder Association. Visitor Center with museum and gift shop confirmed, plus 'Almanzo's General Store' online shop. Seasonal (autumn hours begin September). Small but merch-active for its size.",Pilgrimage destination for Little House/Wilder fans (the only Wilder site in the East); seasonal but runs its own branded online general store plus a booth at Malone's Market Barn — an established retail operation for a single-author audience.,,open,,
C,Almanzo Wilder Homestead (Wilder Farm),Laura Ingalls Wilder / Almanzo Wilder,Malone,NY,Mid-Atlantic,"Almanzo & Laura Ingalls Wilder Association (ALIWA, 501(c)(3))",Email farm@almanzowilderfarm.com (verified on site),farm@almanzowilderfarm.com,(518) 483-1207,https://www.almanzowilderfarm.com/,https://almanzosgeneralstore.com/,"Seasonal (autumn hours from September; scheduled tours). Visitor center gift shop is free-entry, plus 'Almanzo's General Store' online shop. Run by ALIWA, a small 501(c)(3) — volunteer-heavy, small orders. Farmer Boy/LIW themes fit.","The 'Farmer Boy' farm — the only original Wilder-book house still on its original site; scheduled daily tours, annual events, and a branded online general store show an organized retail operation. Rounds out a pitch covering the entire Wilder trail.",,open,,
C,Edgar Allan Poe Cottage,Edgar Allan Poe,Bronx,NY,Mid-Atlantic,"The Bronx County Historical Society (NYC Parks-owned, Historic House Trust member)",education@bronxhistoricalsociety.org (the society's published contact for the Cottage),education@bronxhistoricalsociety.org,718-881-8900 x107,https://bronxhistoricalsociety.org/poe-cottage,https://bronxhistoricalsociety.org/store/gifts/poe,"Buyer would be The Bronx County Historical Society, which has run the cottage since 1975 (with NYC Parks and Historic House Trust). Open weekends only (Sat 10-4, Sun 1-5). No gift shop confirmed at the cottage itself — ask the society whether they retail at the cottage or the Poe Park Visitor Center.","Small weekend-hours house museum, but it already stocks Poe-branded souvenir merchandise and runs online retail through the historical society; Poe is one of the most merchandisable single authors.",,open,,
C,Edgar Allan Poe National Historic Site,Edgar Allan Poe,Philadelphia,PA,Mid-Atlantic,National Park Service; store run by Eastern National / America's National Parks (cooperating association),"CAUTION: site and park store are TEMPORARILY CLOSED for a utilities improvement project (no reopening date posted) — pitch Eastern National / America's National Parks centrally via easternnational.org, not the site",,215-965-2305,https://www.nps.gov/edal/learn/bookstore.htm,https://shop.americasnationalparks.org/collections/edgar-allan-poe-national-historic-site,"The park store is run by America's National Parks (Eastern National), the NPS cooperating association — product buying is centralized at Eastern National HQ (vendor/product submission via easternnational.org), not by Poe site staff. Verify reopening before counting on this outlet.","The actual wholesale buyer is Eastern National (HQ: 470 Maryland Dr, Fort Washington PA), which buys for park stores across 150+ NPS sites — landing this account could place Poe, Douglass, and Booker T. Washington designs at many parks at once.",,open,,
C,Rachel Carson Homestead,Rachel Carson,Springdale,PA,Mid-Atlantic,Rachel Carson Homestead Association,Contact/tour-request form on rachelcarsonhomestead.org; or call 724-274-5459 (no email published),,724-274-5459,https://rachelcarsonhomestead.org/visiting-the-homestead/,,"Very small volunteer nonprofit — house tours by appointment only; site itself says gift shop purchases 'help to cover the costs of utilities, insurances, etc.' Tiny buy budget; consignment more realistic than wholesale.","Small volunteer-run birthplace museum with limited hours (Saturdays), so order volume would be modest — but Carson's environmental audience is loyal and there is little competing Carson merchandise anywhere.",,open,,
C,Zane Grey Museum (Upper Delaware Scenic & Recreational River),Zane Grey,Lackawaxen,PA,Mid-Atlantic,National Park Service; park store run by Eastern National (cooperating association),Eastern National vendor form (easternnational.org/for-vendors/selling/) — EN operates the museum's bookstore and is the buyer,info@easternnational.org,215-283-6900,https://easternnational.org/for-vendors/selling/,https://shop.americasnationalparks.org/,"NPS confirms 'Eastern National, the park's cooperating association, operates a bookstore at the Zane Grey Museum.' Small seasonal site (store not always open). Same EN vendor pipeline as other Eastern National parks — bundle into one EN pitch.","Seasonal NPS site at Grey's riverside home and grave; the buyer is Eastern National (same Fort Washington PA account as Poe NHS and other parks), which already stocks author-adjacent T-shirts here.",,open,,
C,Anne Spencer House & Garden Museum,Anne Spencer,Lynchburg,VA,Mid-Atlantic,"Anne Spencer House & Garden Museum, Inc.",annespencermuseum@annespencermuseum.org,annespencermuseum@annespencermuseum.org,(434) 845-1313,http://www.annespencermuseum.org/contact-us,https://www.annespencermuseum.org/shop,Small nonprofit house museum; tours by appointment. Shop page exists on their site (/shop). Harlem Renaissance poet — distinctive niche fit. Single general email handles everything.,"One of the most intact author house museums in the US (Harlem Renaissance poet), just expanded with a new visitor center — a growing operation likely building out retail, with little existing Spencer merchandise on the market.",,open,,
C,Booker T. Washington National Monument,Booker T. Washington,Hardy,VA,Mid-Atlantic,National Park Service; store run by America's National Parks / Eastern National,"America's National Parks / Eastern National vendor form (easternnational.org/for-vendors/selling/) — the association, not the park, does the buying",info@easternnational.org,540-682-0173,https://easternnational.org/for-vendors/selling/,https://shop.americasnationalparks.org/,"Visitor-center bookstore confirmed, run by America's National Parks (Eastern National's retail brand); already sells tee-shirts and totes, so apparel is an accepted category. Rural, lower-traffic monument — include in the combined EN pitch rather than a standalone one.",Birthplace site of the author of 'Up From Slavery' whose park store already stocks tees and totes — and the buyer is the same Eastern National association account as the other NPS literary sites on this beat.,,open,,
C,Walton's Mountain Museum,"Earl Hamner Jr. (The Waltons, Spencer's Mountain)",Schuyler,VA,Mid-Atlantic,"Walton's Mountain Museum (nonprofit, in Hamner's former school)","Email waltonmt@cstone.net (published on the museum's own site, Dec 2025 capture)",waltonmt@cstone.net,,http://walton-mountain.org/,,"Verified operating as of a Dec 2025 site capture ('VISIT US TODAY', active Friends membership program); live site sits behind Cloudflare so re-confirm by email. Gift shop is 'Ike Godsey's Store' selling Walton books, DVDs, clothing and local crafts — local/consigned crafts suggest openness to small vendors. Volunteer nonprofit.",Nostalgia-tourism destination drawing Waltons fans from across the country to Hamner's real hometown; the in-museum 'general store' format is purpose-built for themed souvenir merchandise.,,open,,
C,Pearl S. Buck Birthplace (Stulting House),Pearl S. Buck,Hillsboro,WV,Mid-Atlantic,Pearl S. Buck Birthplace Foundation,Contact form at pearlsbuckbirthplace.com (site is live but sits behind a bot-check; no email/phone could be confirmed),,304-653-4430,https://pearlsbuckbirthplace.com/,,"Website is live and describes seasonal guided tours (tours from 11:15am 'when we are open'), run by the volunteer Pearl S. Buck Birthplace Foundation, but current-season operation and any gift shop could not be confirmed. Call Pocahontas County CVB if no reply.","Seasonal (Memorial Day–Oct 15, Fri–Sat) house museum on the Seneca Trail near Watoga State Park; modest volume but a dedicated single-author shop with essentially no competing Buck merchandise suppliers.",,unverified,,
C,Laura Ingalls Wilder Park & Museum,Laura Ingalls Wilder,Burr Oak,IA,Midwest,"Laura Ingalls Wilder Park & Museum, Inc.",Email museum@lauraingallswilder.us (verified on contact page),museum@lauraingallswilder.us,(563) 735-5916,https://www.lauraingallswilder.us/contact-us,https://www.shopiowa.com/vendor/laura-ingalls-wilder-park-and-museum/,"Operating nonprofit at the Burr Oak IA Masters Hotel (only LIW childhood home on its original site). Active gift shop with online sales (books, dolls, clothing) — already stocks apparel. Small volunteer-supported nonprofit; LIW estate licensing applies to some marks.","The only childhood LIW site not in the books (the 'lost' Iowa year), drawing completist Wilder pilgrims six/seven days a week in season; small-town operation but organized enough to sell online through Shop Iowa.",,open,,
C,Carl Sandburg State Historic Site,Carl Sandburg,Galesburg,IL,Midwest,Illinois DNR Historic Preservation Division; store run by Carl Sandburg Historic Site Association,Email sales@sandburg.org (verified on site — the Museum Store's own address),sales@sandburg.org,309-342-2361,https://www.sandburg.org/,https://www.sandburg.org/xshoplist.html,"Open Wed-Sun 9-4. Museum store confirmed, run by the volunteer Carl Sandburg Historic Site Association (books, DVDs, stoneware mugs, Sandburg merch) — the Association, not Illinois DNR, does the buying. Small but has a dedicated sales email.","Birthplace cottage with an association-run store and an actual named retail manager reachable at sales@sandburg.org - an unusually direct wholesale path; small-city volume but a serious, long-established shop.",,open,,
C,Ernie Pyle World War II Museum,Ernie Pyle,Dana,IN,Midwest,Friends of Ernie Pyle (nonprofit),Phone (765) 665-3633 (no email published; gift-shop page sits behind a bot check),,(765) 665-3633,https://erniepyle.org/,,"Owned and operated by Friends of Ernie Pyle, a small nonprofit (state transferred the site to them in 2011) — effectively volunteer-run. Gift shop confirmed via site navigation. Rural Indiana location, low traffic; expect tiny orders.","Free-admission birthplace museum open weekends only, so volume is modest, but the WWII/journalism audience is passionate and Pyle merchandise is scarce; volunteer-run rather than professional retail.",,open,,
C,Gene Stratton-Porter State Historic Site (Cabin at Wildflower Woods),Gene Stratton-Porter,Rome City,IN,Midwest,Indiana State Museum and Historic Sites,"museumcommunication@indianamuseum.org — route the pitch through Indiana State Museum & Historic Sites retail (Indianapolis), not the Rome City site",museumcommunication@indianamuseum.org,317.232.1637 (Indiana State Museum central),https://www.indianamuseum.org/about/contact/,,WARNING: the genestratton-porter.com domain in your research file has lapsed and now hosts an unrelated finance site — do not use it. The site is operated by Indiana State Museum and Historic Sites; retail buying for its 12 historic sites is centralized in Indianapolis. No gift shop info published on the ISM's Gene Stratton-Porter page.,"State-run 148-acre site whose shop already stocks shirts, so author-themed apparel is a proven category; Stratton-Porter has a loyal regional readership. Same state-museum system as Limberlost, so one wholesale relationship could cover two sites.",,open,,
C,General Lew Wallace Study & Museum,Lew Wallace (Ben-Hur),Crawfordsville,IN,Midwest,City of Crawfordsville,Email study@ben-hur.com (verified on ben-hur.com),study@ben-hur.com,765-362-5769,https://www.ben-hur.com/,,"City of Crawfordsville-run museum, open Tue-Sat 10-5 with a gift shop (Carriage House visitor center). Small shop but professionally staffed (director/associate director do the buying); city purchasing rules may apply.",National Historic Landmark open Tue-Sat year-round with professional staff and the instantly recognizable Ben-Hur hook; a small but real museum retail operation with a direct staff email for pitching.,,open,,
C,James Whitcomb Riley Museum Home,James Whitcomb Riley,Indianapolis,IN,Midwest,Riley Children's Foundation,CMize@RileyKids.org (events/special tours contact listed on the visit page),CMize@RileyKids.org,317-631-5885,https://rileymuseumhome.org/,,"Open Thu–Sat 10–4, reservation tours via Eventbrite. Operated by the Riley Children's Foundation (RileyKids.org). No gift shop mentioned on the site — confirm retail exists before pitching.","Well-preserved Lockerbie Square house with a newer visitor center, but reviewers call the shop sparsely stocked - which cuts both ways: modest volume today, yet a buyer actively needing product. Backed by the well-resourced Riley Children's Foundation.",,open,,
C,Limberlost State Historic Site,Gene Stratton-Porter,Geneva,IN,Midwest,Indiana State Museum and Historic Sites (shop run by Friends of the Limberlost),Call the site via Indiana State Museum (317-232-1637) and ask for the Limberlost shop / Friends of the Limberlost buyer; the verified email is only the ISM communications box,museumcommunication@indianamuseum.org,317-232-1637,https://www.indianamuseum.org/historic-sites/limberlost-state-historic-site/,,"Site active (daily tours 11am & 2pm; parking-lot construction thru Aug 14, 2026). Per the sweep the shop is run by Friends of the Limberlost (volunteer group) rather than ISM central retail — unverified on the official page, so confirm who buys before pitching.",The 'A Girl of the Limberlost' cabin with a purpose-built visitor center and active Friends group running retail; pairs naturally with the Rome City site for a two-shop Stratton-Porter order through the same system.,,open,,
C,Dorothy's House & Land of Oz (Coronado Museum complex),L. Frank Baum (The Wizard of Oz),Liberal,KS,Midwest,Seward County Historical Society,Phone 620-624-7624 (no email published on the tourism page),,620-624-7624,https://visitliberal.com/dorothys-house-land-of-oz/,,"Open daily in summer (Tue–Sun rest of year); gift shop confirmed, already selling Wizard of Oz merchandise. Buying by the Seward County Historical Society. Note: Oz movie imagery is licensed (Turner/WB) — pitch Baum-book-based designs.","Long-running (since 1981) Oz attraction with a 5,000 sq ft Land of Oz exhibit and tiered paid admission; the gift shop is the literal entry/exit point of every tour. Historical-society-run, so retail is real but small-town scale.",,open,,
C,Little House on the Prairie Museum,Laura Ingalls Wilder,Independence,KS,Midwest,Little House on the Prairie Museum (nonprofit),Email lhopmuseumks@gmail.com (as provided; main site returned 503 during check but seasonal hours confirmed via lhopmuseum.com search listing),lhopmuseumks@gmail.com,620-289-4238,https://www.lhopmuseum.com/contact-us,,Open seasonally March-Oct 31 (daily 10-5); gift shop confirmed but closes off-season — pitch for spring resets. Small nonprofit on the Wilder homestead site near Independence KS. Note official domain appears to be lhopmuseum.com. 'Little House' trademarks are licensed — stick to Wilder/prairie-generic designs.,"The actual 'little house on the prairie' site from the book of that name, open daily mid-March through October; the shop already stocks clothing, and there is a direct email for the museum - an easy warm pitch alongside her other LIW customers.",,open,,
C,Betsy-Tacy Houses (Betsy-Tacy Society),Maud Hart Lovelace,Mankato,MN,Midwest,Betsy-Tacy Society,SiteManager@betsy-tacysociety.org (site manager runs house operations incl. the Shop at Tacy's House); general: info@betsy-tacysociety.org,SiteManager@betsy-tacysociety.org,507-345-9777,https://betsy-tacysociety.org/,Online shop via betsy-tacysociety.org (24/7),"Volunteer society. Shop at Tacy's House open Tue/Thu 1-3; houses open for tours and shopping Saturdays May-Oct plus year-round appointment tours; online shop active. Devoted Maud Hart Lovelace fanbase, tiny volumes.","Small volunteer society but a devoted national fanbase that makes pilgrimages to Mankato, and they just started selling author T-shirts - a direct signal they want exactly this product.",,open,,
C,Sinclair Lewis Boyhood Home,Sinclair Lewis,Sauk Centre,MN,Midwest,Sinclair Lewis Foundation,"Email scahs@mainstreetcom.com — the Sauk Centre Area History Museum & Research Center, which now operates the home (verified on its site)",scahs@mainstreetcom.com,(320) 351-8777,https://www.schistorymuseumandresearchcenter.org/sinclair-lewis-boyhood-home,,OPERATOR CHANGE: the home has been transferred from the Sinclair Lewis Foundation to the Sauk Centre Area History Museum & Research Center. Open summer Fri-Sat 10-3 and by appointment; no gift shop confirmed. Very small volume prospect.,"Marginal prospect: summer-only tours (Memorial Day-Labor Day, four days/week) and only a small souvenir operation since the interpretive center closed; America's first Literature Nobel laureate, but treat as a low-volume add-on order.",,open,,
C,Wanda Gág House,Wanda Gág,New Ulm,MN,Midwest,Wanda Gág House Association,Email wandagaghouse@gmail.com (verified via New Ulm tourism listing; own site failed to load),wandagaghouse@gmail.com,507-359-2632,https://wandagaghouse.org/,,"Open weekends May-Oct (Sat 10-4, Sun 11-2) + by appointment — very small volunteer house museum (Wanda Gag House Association). Gift shop unconfirmed; 'Millions of Cats' merch would be on-theme but volumes will be tiny.","Weekend-only seasonal house museum, so volume is small, but the shop already carries apparel and 'Millions of Cats' imagery is beloved by children's-lit fans; New Ulm is an established tourist town.",,open,,
C,Field House Museum,Eugene Field,St. Louis,MO,Midwest,Field House Museum (nonprofit; birthplace of Eugene Field),Email info@fieldhousemuseum.org (verified on site),info@fieldhousemuseum.org,314-421-4689,https://fieldhousemuseum.org/,https://field-house-museum.square.site/,"Open Wed-Sat 10-4, Sun 12-4. Gift shop confirmed with a Square online storefront — small staffed nonprofit (Eugene Field / his father Roswell's Dred Scott connection); buying handled in-house.","Professional downtown St. Louis house museum open five days a week with active e-commerce; the 'children's poet' (Wynken, Blynken and Nod) angle suits whimsical tote/kids-tee designs.",,open,,
C,Mark Twain Birthplace State Historic Site,Mark Twain,Florida (Stoutsville),MO,Midwest,Missouri State Parks (Dept. of Natural Resources),Call the site at 573-248-9980; moparks@dnr.mo.gov is the central Missouri State Parks inbox (verified on mostateparks.com),moparks@dnr.mo.gov,573-248-9980,https://mostateparks.com/historic-site/mark-twain-birthplace-state-historic-site,,Missouri State Parks-run museum; no on-site gift shop confirmed on the official page (state parks merchandising runs through a central online store). Weak retail prospect vs. the privately run Hannibal outlets.,"State-run museum inside Mark Twain State Park at Mark Twain Lake, so it catches camping/boating traffic beyond literary tourists; purchasing likely routes through Missouri State Parks retail, which can slow but also scale an order.",,open,,
C,Bess Streeter Aldrich House & Museum,Bess Streeter Aldrich,Elmwood,NE,Midwest,Bess Streeter Aldrich Foundation,Aldrichfoundation@gmail.com,Aldrichfoundation@gmail.com,(402) 994-3855,https://www.bessstreeteraldrich.org/where-to-find-us,,Small volunteer foundation; open seasonal weekend/afternoon hours (May-Oct Wed/Thu/Sat/Sun 1-4; Nov-Apr weekends only). No gift shop confirmed on the pages checked — ask when pitching.,"Volunteer-run weekend museum between Lincoln and Omaha with limited hours - a small but loyal 'A Lantern in Her Hand' readership; low volume, good candidate for a starter wholesale pack.",,open,,
C,John G. Neihardt State Historic Site / Neihardt Center,John G. Neihardt (Black Elk Speaks),Bancroft,NE,Midwest,John G. Neihardt Foundation (with History Nebraska),neihardtsite@gmail.com (shown on site; the supplied neihardt@gpcom.net no longer appears),neihardtsite@gmail.com,402-648-3388 / 888-777-4667,https://www.neihardtcenter.org/plan-visit,,Active site selling apparel and cards already. Run by the John G. Neihardt Foundation as an affiliate of the Nebraska State Historical Society — small volunteer-scale buying.,Small rural site but Black Elk Speaks has enduring national readership and there is almost no Neihardt merchandise anywhere; direct email to the foundation makes outreach easy. Expect modest order sizes.,,open,,
C,Mari Sandoz High Plains Heritage Center,Mari Sandoz,Chadron,NE,Midwest,Chadron State College with the Mari Sandoz Heritage Society,Email sandozcenter@csc.edu (verified on site),sandozcenter@csc.edu,308-432-6401,https://sandozcenter.com/,,Open weekdays 8-noon/1-4 (closed weekends) — a Chadron State College academic center with the Sandoz Heritage Society. Gift shop/bookstore not confirmed on site; weekday-only campus hours mean low retail traffic. Confirm shop before pitching.,Free college-run center open weekdays; steady if modest academic and heritage traffic in the Nebraska panhandle near Fort Robinson tourism. Small-shop economics but an easy institutional buyer.,,open,,
C,Harriet Beecher Stowe House,Harriet Beecher Stowe,Cincinnati,OH,Midwest,Friends of Harriet Beecher Stowe House (Ohio History Connection site),friends@stowehousecincy.org,friends@stowehousecincy.org,513.751.0651 (or 800.847.6075),https://stowehousecincy.org/,https://stowehousecincy.org/shop.html,Buying is done by the Friends of Harriet Beecher Stowe House (volunteer friends group; the property is an Ohio History Connection site). Open Thu-Sat 10-4. Shop page live on their site.,"Professionally run house museum with a live e-commerce store, open four days a week year-round; Stowe is a nationally taught author, so a well-designed Stowe tee/tote has classroom and tourist appeal.",,open,,
C,Malabar Farm State Park,Louis Bromfield,Lucas,OH,Midwest,Ohio Department of Natural Resources with Malabar Farm Foundation,"Email Info@malabarfarm.org — the Malabar Farm Foundation runs the gift shop, not ODNR (verified on malabarfarm.org)",Info@malabarfarm.org,419-892-2784,https://malabarfarm.org/,https://malabar-farm-foundation-gift-shop.myshopify.com,"Gift shop buying is done by the nonprofit Malabar Farm Foundation (they even run a Shopify store); the state (ODNR, malabar.farm.parks@dnr.state.oh.us) runs the park itself. Pitch the Foundation.","High-traffic state park (also a Shawshank Trail stop) with a genuine retail operation open 9-5 year-round; Bromfield author merch sits alongside Ohio-made goods, so a literary tee/tote line matches their buying pattern.",,open,,
C,National Road & Zane Grey Museum,Zane Grey,Norwich,OH,Midwest,Ohio History Connection,Email information.maem@gmail.com (verified on site — the local Museum Association of East Muskingum manages the site for Ohio History Connection),information.maem@gmail.com,740-826-3305,https://www.nationalroadandzanegreymuseum.org/,,"Seasonal: open May-Oct, Wed-Sat 10-4 / Sun 1-4 (closed Nov-Apr). Gift shop not confirmed on the site — ask when emailing. Day-to-day buying appears local (MAEM), not Ohio History Connection central.","Seasonal (May-Oct) roadside museum on I-70 with a devoted western-fiction fanbase; retail is modest and value-priced, so best pitched with a small-minimum wholesale tier.",,open,,
C,Paul Laurence Dunbar House Historic Site,Paul Laurence Dunbar,Dayton,OH,Midwest,Dayton History (for Ohio History Connection); part of NPS Dayton Aviation Heritage National Historical Park,"Phone 937-345-0433 (site), asking who buys for site retail; no email published on the OHC site page",,937-345-0433 / 800-860-0148,https://www.ohiohistory.org/visit/browse-historical-sites/paul-laurence-dunbar-house/,,"Open Fri–Sun 10–4, free admission, on-site visitor center but no gift shop mentioned. Managed by Dayton History on behalf of Ohio History Connection within NPS Dayton Aviation Heritage NHP — any retail buying would run through Dayton History's retail operation, not NPS.","Free-admission site inside an NPS park (Dayton History is the operating buyer here, not a park cooperating association), and Dunbar merchandise is a genuinely underserved niche. Caveat: house tours are paused during a Save America's Treasures renovation, so confirm the visitor center shop is trading before pitching.",,open,,
C,Thurber House,James Thurber,Columbus,OH,Midwest,"Thurber House, Inc. (nonprofit literary center)",Email thurberhouse@thurberhouse.org (verified on site),thurberhouse@thurberhouse.org,(614) 464-1032,https://www.thurberhouse.org/,,"Nonprofit literary center; museum open weekends 1-4pm only, offices weekdays. Has an online store and event-based bookstore sales, but retail is a small sideline. New Executive Director (Barbara Fant) arriving Sept 2026 — timing a pitch after that may help.","Active year-round literary center with author events, writing camps and residencies, so it draws a book-buying audience beyond house-tour traffic; a humor/author tee line fits their playful Thurber-dog brand. Small but professionally staffed nonprofit.",,open,,
C,Laura Ingalls Wilder Museum & Birthplace,Laura Ingalls Wilder,Pepin,WI,Midwest,Laura Ingalls Wilder Memorial Society of Pepin,Contact form at lauraingallspepin.com/contact/ or call (715) 513-9115 (no email published),,(715) 513-9115,https://www.lauraingallspepin.com/contact/,,"Run by the Laura Ingalls Wilder Memorial Society of Pepin (volunteer); open mid-May through late October. On-site gift store ('Laura's Store') sells books, clothing and crafts — clothing already in the mix. Seasonal buying window: pitch late winter/spring.","Wilder's actual birthplace town on the scenic Great River Road; shop already sells T-shirts and apparel, so an author tee line is an established category. Seasonal but open seven days a week in season.",,open,,
C,Monte Cristo Cottage (Eugene O'Neill Theater Center) — Gene's General Store,Eugene O'Neill,New London,CT,New England,Eugene O'Neill Theater Center,"theaterlives@theoneill.org (verified on theoneill.org), reference Gene's General Store",theaterlives@theoneill.org,860-443-5378,https://www.theoneill.org/monte-cristo-cottage,https://genesgeneralstore.org/,"O'Neill Theater Center fully active (2026 summer season posted); Gene's General Store confirmed selling apparel/merch online and on the Waterford campus; Monte Cristo Cottage tours are seasonal. Buying by the Eugene O'Neill Theater Center (professional nonprofit, small store).","O'Neill's boyhood home (setting of Long Day's Journey Into Night) gives seasonal public tours, and the Tony Award-winning Theater Center already sells its own apparel line — a professional buyer that could add O'Neill author tees for cottage visitors and its national theater audience. Tour volume itself is modest (every other Saturday, May–Oct).",,open,,
C,Noah Webster House & West Hartford Historical Society,Noah Webster,West Hartford,CT,New England,Noah Webster House & West Hartford Historical Society,events@noahwebsterhouse.org (no shop-specific email published; departmental emails listed on contact page),events@noahwebsterhouse.org,860.521.5362,https://noahwebsterhouse.org/contact/,https://thewesthartfordgiftshop.myshopify.com,"Shop is branded 'The West Hartford Gift Shop' (Shopify), run by the historical society itself. Open summer hours Mon-Sat 10-2. Dictionary/word-nerd product fit. Buying done by society staff — small professional staff, not a dedicated retail manager.","Birthplace of America's dictionary maker — 'word nerd' merchandise is the shop's stated identity, which maps perfectly onto literary tees and totes; the museum runs its own Shopify storefront, showing real retail commitment at a small-museum scale.",,open,,
C,John Greenleaf Whittier Birthplace,John Greenleaf Whittier,Haverhill,MA,New England,Trustees of the John Greenleaf Whittier Homestead,Contact form at johngreenleafwhittier.com/contact_general.htm (email on page is script-protected/unreadable); or call (978) 373-3979,,(978) 373-3979,https://johngreenleafwhittier.com/contact_general.htm,,"Volunteer trustees; curator Augustine J. Reusch Jr. is the named contact. Gift shop confirmed (books, pamphlets, English china, postcards) plus a satellite shop at Haverhill Public Library. Online ordering currently offline 'while a new shop is created' — small operation.","Small volunteer-scale historic site (the 'Snow-Bound' homestead) with a genuine but modest gift shop whose online ordering is currently offline — low volume, but they would likely welcome fresh Whittier merchandise since little exists.",,open,,
C,Ralph Waldo Emerson House,Ralph Waldo Emerson,Concord,MA,New England,Ralph Waldo Emerson Memorial Association,hello@rwema.org (general inquiries; visit@rwema.org is for tour bookings only),hello@rwema.org,978-369-2236 (seasonal),https://rwema.org/visit-the-emerson-house,,"Seasonal house museum (late April–Oct), run by the small RW Emerson Memorial Association. No gift shop mentioned anywhere on rwema.org — weak wholesale prospect.","Small, seasonal (late April-October), family-association-run house on the Concord literary trail — modest volume but a pure single-author profile identical to Arrowhead; Emerson quote merchandise has broad appeal.",,open,,
C,Rachel Carson National Wildlife Refuge / Rachel Carson Center for People and Nature,Rachel Carson,Wells (center at Kennebunk),ME,New England,U.S. Fish & Wildlife Service; store run by Friends of Rachel Carson National Wildlife Refuge,friendsofrachelcarsonnwr@gmail.com (verified on Friends website),friendsofrachelcarsonnwr@gmail.com,,https://www.friendsofrachelcarsonnwr.org/,,"Refuge is USFWS-run; any retail buying is by the volunteer Friends of Rachel Carson NWR (the cooperating association). New Rachel Carson Center opened April 2026 and Friends group is active, but no store is confirmed on their website — ask the Friends directly whether the new Center has a nature store.",Brand-new (opened May 2026) visitor center in a heavy beach-tourism corridor whose Friends group is actively stocking a first-time store around one author — a rare ground-floor opportunity for a Silent Spring / Carson nature-literature design line.,,open,,
C,Sarah Orne Jewett House Museum and Visitor Center,Sarah Orne Jewett,South Berwick,ME,New England,Historic New England,"Phone (207) 384-2454; historicnewengland.org blocks automated checks, so confirm shop by phone",,(207) 384-2454,https://www.historicnewengland.org/property/sarah-orne-jewett-house-museum-and-visitor-center/,,"Seasonal house museum (June 1-Oct 15, Fri-Sun, tours hourly, $5). Operated by Historic New England, which centralizes retail across ~38 properties — a wholesale pitch would likely go to Historic New England's institutional retail team in Boston, not the site. Visitor center shows local artists' work. No on-site shop confirmed.","Seasonal (June-October, Fri-Sun) and low-volume on its own, but the operator is Historic New England — a professional 38-property steward whose retail buying could extend one wholesale relationship across multiple author-related properties.",,open,,
C,Robert Frost Farm State Historic Site,Robert Frost,Derry,NH,New England,New Hampshire State Parks with the Robert Frost Farm Trustees,Trustees' contact form at robertfrostfarm.org/contact; call (603) 432-3091 for the site,,(603) 432-3091,https://www.robertfrostfarm.org/contact,,Open seasonally May-October (in season now). Split operation: NH State Parks runs visitor services; the volunteer Robert Frost Farm Trustees run programs. No gift shop mentioned anywhere on the site — confirm a shop exists and whether the state or the Trustees do the buying before pitching.,"Frost's home during his formative Derry years, seasonal May-October; reviewers call the current gift shop dated with 'nothing really to buy,' which cuts both ways — low current volume, but a shop plausibly eager for fresh, professional Frost merchandise.",,open,,
C,The Frost Place,Robert Frost,Franconia,NH,New England,"The Frost Place, Inc. (town-owned nonprofit museum and poetry center)",Email frost@frostplace.org (verified on site),frost@frostplace.org,603-823-5510,https://frostplace.org/,https://bookshop.org/shop/thefrostplace,"Seasonal museum; temporarily closed for construction starting Aug 10, 2026 (not permanent). Retail is online-only via third-party platforms (bookshop.org affiliate + Bonfire print-on-demand 'Frost Shop') — no physical gift shop verified, so weak wholesale prospect unless they add on-site retail.","Small seasonal White Mountains museum, but with an engaged poetry-community audience and existing print-on-demand merch (Bonfire) — evidence they already sell Frost-themed apparel and might prefer a wholesale line with better margins.",,open,,
C,Robert Frost Stone House Museum at Bennington College,Robert Frost,Shaftsbury,VT,New England,Bennington College,Email frosthouse@bennington.edu (verified on the Bennington College museum page),frosthouse@bennington.edu,(802) 447-6200,https://www.bennington.edu/robert-frost-stone-house-museum/welcoming-visitors,https://robert-frost-stone-house-museum.square.site/,"Buying done by Bennington College museum staff. Open May-Oct (Thu-Mon in season), by appointment in winter. Small gift shop plus a Square online store selling Frost books and Vermont goods.","The house where Frost wrote 'Stopping by Woods on a Snowy Evening,' open May-October on the well-traveled Route 7A heritage corridor; college backing gives it stable administration, and reviewers explicitly wish the small shop had more to buy.",,open,,
C,The Scott & Zelda Fitzgerald Museum,F. Scott Fitzgerald and Zelda Fitzgerald,Montgomery,AL,South,The Scott & Zelda Fitzgerald Museum (nonprofit),Email fitzmuse@gmail.com (verified on site),fitzmuse@gmail.com,(334) 264-4222,https://www.thefitzgeraldmuseum.org/new-page,https://www.thefitzgeraldmuseum.org/online-store,"Open Thu-Sun 10-3 (Wed by appointment), $5 donation admission, runs its own online store plus Airbnb author suites — scrappy small nonprofit that actively merchandises. Gatsby/Jazz Age apparel is a strong fit; small order sizes likely.","The only museum in the world dedicated to the Fitzgeralds — a strong single-author (couple) brand with Gatsby's evergreen pop-culture pull; small nonprofit but open five days a week with an active events program (gala, literary contests).",,open,,
C,Hemingway-Pfeiffer Museum and Educational Center,Ernest Hemingway,Piggott,AR,South,Arkansas State University Heritage Sites,"Email director Dr. Adam Long at adamlong@astate.edu (named contact verified on the A-State site) — a named-person email, the best kind of pitch path",adamlong@astate.edu,870-598-3487,https://www.astate.edu/outreach/history-and-heritage/heritage-sites/hemingway/,,"Run by Arkansas State University Heritage Sites; Museum Store confirmed (west side of the Barn Studio), open Mon-Sat. University purchasing may apply, but the director is the decision-maker to start with.","University-operated heritage site where Hemingway wrote much of A Farewell to Arms; the store already sells author-site t-shirts (proven category) and all tours funnel through it, though remote northeast-Arkansas location keeps volume moderate.",,open,,
C,Marjorie Kinnan Rawlings Historic State Park,Marjorie Kinnan Rawlings,Cross Creek,FL,South,"Florida State Parks; retail supported by Friends of the Marjorie Kinnan Rawlings Farm, Inc. (Citizen Support Organization)","Email MKRawlingsFarm@gmail.com — the Friends of the MKR Farm CSO that handles retail/support (sweep-provided; park itself verified open, grounds daily 9-5, house tours Thu-Sun)",MKRawlingsFarm@gmail.com,352-466-3672,https://www.floridastateparks.org/parks-and-trails/marjorie-kinnan-rawlings-historic-state-park,,"Any retail is run by the Friends of the Marjorie Kinnan Rawlings Farm, Inc. (Citizen Support Organization), not Florida State Parks staff. A dedicated gift shop could not be confirmed on the official park page — expect a very small sales operation; confirm with the Friends group before pitching volume.","Beloved literary pilgrimage site near Gainesville with docent-led farmhouse tours, but retail is modest (book sales, DVDs) — the Friends group is the buyer to approach and order sizes would be small.",,open,,
C,Flannery O'Connor Childhood Home,Flannery O'Connor,Savannah,GA,South,Flannery O'Connor Childhood Home Foundation,Email info@flanneryoconnorhome.org (verified on site),info@flanneryoconnorhome.org,(912) 233-6014,https://www.flanneryoconnorhome.org/,,Open Thu-Sun 10-5 with gift shop open during self-guided tour hours. Small foundation-run house museum in Savannah's tourist core — modest volume but perfectly targeted audience for O'Connor-themed apparel.,"Sits on Lafayette Square in Savannah's heavily walked historic district, so tourist volume far outstrips the museum's small size; the shop already leans into tasteful single-author merchandise, exactly the Arrowhead profile.",,open,,
C,Marietta Gone With The Wind Museum (Historic Brumby Hall),Margaret Mitchell (Gone With the Wind),Marietta,GA,South,City of Marietta (exhibit collection owned by Vicky Lynn Rogers),Email jgiancola@mariettaga.gov (verified on museum site; second contact dkoss@mariettaga.gov; gift shop line 770-794-5576),jgiancola@mariettaga.gov,770-794-5576,https://www.gwtwmarietta.com/,,"Open Tue-Sat 10-4; gift shop confirmed with its own phone line. City of Marietta-run museum (city staff do the buying), exhibiting the Vicky Lynn Rogers GWTW collection. Small but has named, verified email contacts — an easy first pitch.","City-run museum in the Atlanta metro tourist corridor, open Tue–Sat with a staffed gift shop line (the phone listed is the gift shop's) — a professional retail operation that would pair with the already-listed Margaret Mitchell House for a Mitchell/GWTW design line.",,open,,
C,The Little Manse — Erskine Caldwell Birthplace and Museum,Erskine Caldwell,Moreland,GA,South,Town of Moreland,morelandtownhall@bellsouth.net (Town of Moreland runs the museum; town hall open M/W/F 9–1),morelandtownhall@bellsouth.net,770-251-4438 (museum) / 770-251-3428 (town hall),https://www.townofmoreland.com/thelittlemanse,,"Tiny town-operated house museum, visits essentially by arrangement; no hours, gift shop, or buying operation confirmed. Marginal wholesale prospect.","Very small operation (open Thu-Sat, largely by appointment) with limited visitor volume — a low-priority, small-order prospect, but it is a true single-author house museum with retail.",,unverified,,
C,The Wren's Nest,Joel Chandler Harris,Atlanta,GA,South,The Wren's Nest House Museum (nonprofit),Contact form at wrensnest.org/contact (no email published),,(404) 753-7735,https://www.wrensnest.org/contact,https://bookshop.org/shop/thewrensnest,"Small Atlanta nonprofit; open Saturdays 11-3 and by appointment otherwise. Gift shop confirmed ('books, toys, and souvenirs'). Note Joel Chandler Harris legacy requires careful product framing.","Atlanta's oldest house museum and a National Historic Landmark with regular tours, storytelling programs and school groups; established nonprofit with an active web presence and a Bookshop.org storefront, indicating a real retail habit.",,open,,
C,Uncle Remus Museum,Joel Chandler Harris,Eatonton,GA,South,Uncle Remus Museum / Eatonton-Putnam community organization,Phone (706) 485-6856 (no email published on site),,(706) 485-6856,http://www.uncleremusmuseum.org/,,"Open year-round Mon-Sat with posted admission, so operating; no gift shop mentioned on the site and no email — call to confirm retail. Small community-run museum in Eatonton GA. Subject matter is sensitive — vet designs carefully.","Averages ~12,000 visitors a year — real volume for a tiny town — and the shop has a documented following for author-themed gift items, so a Harris/Brer Rabbit tee or tote line fits their existing buying pattern.",,open,,
C,Robert Penn Warren Birthplace Museum,Robert Penn Warren,Guthrie,KY,South,Robert Penn Warren Birthplace Museum (community nonprofit),"rpwbirthplace@gmail.com (supplied; museum asks visitors to call 270-604-7760 ahead, so phone-verify)",rpwbirthplace@gmail.com,270-604-7760,http://www.robertpennwarren.com/,,"Operating on limited hours (Thu–Sat 11:30–3:30, call ahead to ensure a guide). Community-volunteer nonprofit; no gift shop confirmed. Very small prospect.","Small volunteer-run cottage museum with limited hours (Thu-Sat) and free tours — low volume, but America's first Poet Laureate and three-time Pulitzer winner has devoted academic/literary visitors; direct email contact available.",,open,,
C,The Berry Center — The Bookstore at The Berry Center,Wendell Berry,New Castle,KY,South,The Berry Center (nonprofit advancing Wendell Berry's agrarian writings),Email bookstore@berrycenter.org — dedicated bookstore inbox verified on berrycenter.org/contact (phone 502-743-1820),bookstore@berrycenter.org,(502) 743-1820,https://berrycenter.org/contact/,https://berrycenterbookstore.com/,"Nonprofit bookstore devoted to Wendell Berry's agrarian mission, with its own storefront, staff and online store (publishes an annual catalogue). Small but professionally run; Berry-adjacent literary/agrarian gifts are on-theme.","The official single-author retail operation for a living literary icon — open Tue–Fri with tours by appointment and a national catalogue audience; professionally staffed and squarely in the market for Berry-quote tees, totes and literary gifts.",,open,,
C,Beauregard-Keyes House and Garden (BK House),Frances Parkinson Keyes,New Orleans,LA,South,Keyes Foundation / Beauregard House Inc.,Use the contact form at bkhouse.org/contact/ or call 504-523-7257 (no email published on the site),,504-523-7257,https://www.bkhouse.org/contact/,,Open for guided tours 5 days/week; gift shop confirmed (members get a 10% shop discount). Buying by Keyes Foundation house staff — small operation in a high-traffic French Quarter location.,"French Quarter house museum with Mon-Sat hourly tours and steady tourist flow; the author connection (Keyes wrote dozens of bestsellers here and founded the museum) is central to the interpretation, though the shop also covers the Beauregard/Civil War side.",,open,,
C,Ida B. Wells-Barnett Museum,Ida B. Wells-Barnett,Holly Springs,MS,South,"Ida B. Wells-Barnett Museum (nonprofit, Spires Bolling House)",Call 662-252-3232 (no email published; /contact page 404s),,662-252-3232 (museum); 662-579-5747 (tours),https://idabwellsmuseum.org/,,"Tiny nonprofit in the Spires Bolling House; open by appointment (Mon-Fri 10-5, Sat 12-5). No gift shop or email found on the website. Verify a retail operation exists before pitching.","Single-author (journalist/memoirist) birthplace museum with a real store, but tours are largely by appointment, so visitor volume and order size will be small; Wells's rising national profile could still make a small consignment worthwhile.",,open,,
C,Union County Heritage Museum (Faulkner Literary Garden),William Faulkner,New Albany,MS,South,"Union County Heritage Museum (community institution, Union County)",Call 662-538-0014 (no email or contact form published on the site),,662-538-0014,https://ucheritagemuseum.com/,,"Community museum in Faulkner's birthplace town, open Tue-Fri 9-4 and Sat 10-3; gift shop confirmed (members get 10% off at the gift shop). Small county institution — Faulkner product fits, expect modest volumes; they also run the annual Faulkner literary conference.","The museum of Faulkner's birthplace town, with a William Faulkner Literary Garden and the annual William Faulkner Literary Competition drawing a literary audience; a small but genuine Faulkner-anchored shop that pairs naturally with Rowan Oak in Oxford for a Faulkner wholesale line. Open Tue–Sat year-round.",,open,,
C,Thomas Wolfe Memorial State Historic Site,Thomas Wolfe,Asheville,NC,South,North Carolina Historic Sites (NC Dept. of Natural & Cultural Resources),Call (828) 253-8304 (no email or contact form published on wolfememorial.com),,(828) 253-8304,https://wolfememorial.com/,,"Open Tue-Sat 9-5, state-run (NC Dept. of Natural & Cultural Resources). Website mentions no gift shop; the visitor center historically has a small book/gift counter. Buying likely by state site staff, with 'Friends of Thomas Wolfe' as the membership arm — call to identify the actual buyer.",Downtown Asheville location in a major tourist city guarantees steady walk-in traffic; state-run site with a professionally staffed visitor-center shop centered entirely on one author — very close analog to Arrowhead.,,open,,
C,Pat Conroy Literary Center,Pat Conroy,Beaufort,SC,South,Pat Conroy Literary Center Inc. (501(c)(3) nonprofit),Email info@patconroyliterarycenter.org (verified on the center's contact page),info@patconroyliterarycenter.org,843-379-7025,https://patconroyliterarycenter.org/contact/,,"Small 501(c)(3) literary center, open Thu-Sun 12-4 with an on-site gift shop. Buying by center staff (executive director's small team). Strong author-brand fit for Conroy/Lowcountry literary items.","They already retail author-themed tees and hats, so an indie author-tee line is a proven category for them; Beaufort is a Conroy pilgrimage town with strong Lowcountry tourism. Small, volunteer-heavy operation but active and well publicized.",,open,,
C,Alex Haley House Museum & Interpretive Center,Alex Haley,Henning,TN,South,Tennessee Historical Commission (State Historic Site),Email AlexHaleymuseum@bellsouth.net (verified on site),AlexHaleymuseum@bellsouth.net,(731) 738-2240,https://www.alexhaleymuseum.org/,,Operating (active monthly board meetings; funded under agreement with the Tennessee Historical Commission — a state historic site run with a local board). Gift shop not confirmed on the website; confirm retail by phone/email before pitching Roots-themed goods.,State-operated site with a modern interpretive center and a shop that already sells author-themed t-shirts — proven category; draws heritage-tourism bus groups (Roots pilgrimages) despite the small-town location.,,open,,
C,Zane Grey Cabin & Rim Country Museum,Zane Grey,Payson,AZ,West & Southwest,Northern Gila County Historical Society,Phone 928-474-3483 or the contact form at rimcountrymuseum.org (no email published),,928-474-3483,https://www.rimcountrymuseum.org/shop,https://www.rimcountrymuseum.org/shop,"Open Thu 1–4, Fri–Sat 10–4; gift shop with online store already carrying a wide Zane Grey book selection and apparel. Buying by the volunteer Northern Gila County Historical Society.","The shop already sells t-shirts and carries the area's widest Zane Grey selection — a direct opening for Zane Grey-themed tees at the rebuilt cabin of the West's best-selling novelist. Small-town volunteer historical society with limited hours (Thu-Sat), so expect modest order sizes.",,open,,
C,Eugene O'Neill National Historic Site (Tao House),Eugene O'Neill,Danville,CA,West & Southwest,National Park Service; park store run by Western National Parks Association (WNPA),"Western National Parks Association HQ, 520-622-1999 — the buying decision is WNPA's (Tucson merchandising), not the park's",,"520-622-1999 (WNPA HQ, Tucson); 925-838-0249 (site)",https://wnpa.org/explore-parks/eugene-oneill,https://store.wnpa.org (Eugene O'Neill collection),"Park store inside Tao House is run by WNPA, the NPS cooperating association — pitch WNPA merchandising, not NPS. Caveat: site accessible only by reserved guided tour, so foot traffic is tiny; but WNPA buys for 70+ park stores, so a WNPA vendor relationship could scale far beyond this site. Their 'wholesale for booksellers' web page is WNPA selling its own publications, not a vendor intake.","The wholesale buyer here is Western National Parks Association, which stocks stores for ~70 western NPS sites — one vendor relationship could place O'Neill, Muir, and other author-site merch across many parks. Visitation is modest (reservation shuttle access) but the retail operation is fully professional.",,open,,
C,The Steinbeck House & Best Cellar Gift Shop,John Steinbeck,Salinas,CA,West & Southwest,The Valley Guild (volunteer nonprofit),Email admin@steinbeckhouse.net (verified on steinbeckhouse.com contact page),admin@steinbeckhouse.net,(831) 424-2735,https://steinbeckhouse.com/contact-us/,,"Volunteer-run by The Valley Guild; restaurant Tue-Sat 11:30-2, Best Cellar Gift Shop Tue-Sat 11-3 (in the house's cellar). Small volunteer buying operation; Steinbeck-themed gifts are their core stock.","Steinbeck's actual birthplace two blocks from the National Steinbeck Center — visitors do both, so a Steinbeck line could sell at two Salinas shops in one trip. Volunteer-run but long-established (since 1973) with regular retail hours.",,open,,
C,Tor House and Hawk Tower,Robinson Jeffers,Carmel-by-the-Sea,CA,West & Southwest,Robinson Jeffers Tor House Foundation,thf@torhouse.org (verified on site),thf@torhouse.org,831-624-1813,https://www.torhouse.org/contact,,Docent tours bookable via FareHarbor; run by the volunteer Robinson Jeffers Tor House Foundation. No gift shop mentioned on site (they sell some books/Tor House Press titles at tours) — confirm retail exists before pitching.,"Iconic poet's hand-built stone house in high-tourism Carmel; retail is small (tours capped at six people, Saturdays only) so expect boutique-scale orders. Devoted Jeffers following and an annual festival make a niche poet-themed line plausible.",,open,,
C,"Wood River Museum of History and Culture (Hemingway exhibit, The Community Library)",Ernest Hemingway,Ketchum,ID,West & Southwest,The Community Library Association (also steward of the Hemingway House & Preserve),Email regionalhistory@comlib.org (verified on comlib.org),regionalhistory@comlib.org,208-726-8118,https://comlib.org/museum/,,"Run by The Community Library Association (also steward of the Hemingway House & Preserve); free admission, Tue-Sat 10-6. No museum gift shop confirmed on the site — ask whether the library's retail (bookstore/Gold Mine shops) takes gift items before pitching.","The Hemingway House itself is closed to the public, so this museum and its shop are the retail face of Hemingway in Sun Valley — a wealthy resort market with a strong Hemingway identity (festivals, audio walking tour). Shop is small; the well-funded library association behind it is a credible buyer.",,open,,
C,Mabel Dodge Luhan House,"Mabel Dodge Luhan (and her Taos literary circle: D.H. Lawrence, Willa Cather)",Taos,NM,West & Southwest,Mabel Dodge Luhan House (historic inn and retreat center),Website contact form at mabeldodgeluhan.com (site's Wordfence firewall blocked all automated verification — no email/phone could be confirmed; do not trust unverified numbers),,800-846-2235,https://www.mabeldodgeluhan.com/gift-shop/,,"Long-operating historic inn/retreat center with a small on-site gift shop (gift-shop page live on their site, which is aggressively bot-protected). Buyer is the inn's own management. Niche D.H. Lawrence / Cather / Taos-circle angle; small volumes.","A National Historic Landmark inn where the Taos literary colony gathered; the shop is small and book-centric, but it is the only retail tied to the D.H. Lawrence/Taos story now that the Lawrence Ranch itself has no shop. Retreat guests are a bookish, gift-buying audience.",,open,,
C,Mark Twain Museum at the Territorial Enterprise,Mark Twain,Virginia City,NV,West & Southwest,Territorial Enterprise building owners (private),Email steven@marktwainmuseums.com (named contact verified on site; alt steven.territorialenterprise@gmail.com),steven@marktwainmuseums.com,,https://marktwainmuseums.com/,,"Currently under renovation, by-appointment only, reopening planned fall 2026 — not permanently closed. Privately run. Good timing to pitch stock for the reopening, but no gift shop confirmed yet and traffic is small (Virginia City NV tourist strip).","Virginia City is a major Twain pilgrimage stop (he took the name Mark Twain writing for the Territorial Enterprise) with heavy boardwalk tourist traffic, but the building has been under restoration and a Yelp listing shows the museum closed — verify current operation before pitching. If open, a Twain line is an exact profile match.",,open,,
C,National Center for Children's Illustrated Literature (NCCIL),Rotating children's book authors and illustrators,Abilene,TX,West & Southwest,NCCIL (501c3 nonprofit),Email info@nccil.org (verified; kayla@nccil.org handles partnerships if the pitch is a collaboration),info@nccil.org,325-673-4586,https://nccil.org/contact/,,"Open Tue-Sat 10-4, free admission, professionally staffed (7 department emails published) in Abilene, the 'Storybook Capital of America.' No gift shop confirmed on the site — ask before pitching. Rotating illustrator exhibits mean rotating merch needs if they do retail.","Abilene brands itself 'Storybook Capital of America' and the NCCIL anchors that tourism with exhibit-driven retail; not a single-author site, but exhibitions celebrate one illustrator at a time, so literary/storybook-themed gifts fit the shop's rotation model.",,open,,
C,O. Henry Museum,O. Henry (William Sydney Porter),Austin,TX,West & Southwest,City of Austin Parks and Recreation Department,Call 512-974-1398 (City of Austin Parks & Recreation; no email or shop confirmed on the city page),,512-974-1398,https://www.austintexas.gov/o-henry,,"City-run house museum, open Wed-Sun 12-5, free admission; no gift shop mentioned on the official page — weak wholesale prospect unless the city confirms a sales counter. City procurement rules would apply.","Free downtown-Austin house museum with the annual O. Henry Pun-Off drawing crowds, but the shop is tiny ('a couple of book shelves') and city-run — small orders and municipal purchasing friction likely. Worth a low-effort pitch given zero other O. Henry retail in the region.",,open,,
