{
 "n": 26,
 "mean_return": -0.0010721345328849308,
 "hit_rate": 0.38461538461538464,
 "signal_lift": {
  "basket_selected": {
   "n_on": 1,
   "mean_on": -0.015950069348127593,
   "n_off": 4,
   "mean_off": -0.02381990478229684,
   "lift": 0.007869835434169248
  },
  "guidance_raised": {
   "n_on": 0,
   "mean_on": null,
   "n_off": 26,
   "mean_off": -0.0010721345328849308,
   "lift": null
  },
  "reaction_confirmed": {
   "n_on": 8,
   "mean_on": -0.017598530037177304,
   "n_off": 18,
   "mean_off": 0.006272930135689457,
   "lift": -0.02387146017286676
  },
  "revenue_beat": {
   "n_on": 0,
   "mean_on": null,
   "n_off": 26,
   "mean_off": -0.0010721345328849308,
   "lift": null
  },
  "rewarded": {
   "n_on": 5,
   "mean_on": -0.022245937695462993,
   "n_off": 21,
   "mean_off": 0.003969247172490798,
   "lift": -0.02621518486795379
  }
 },
 "reaction_terciles": {
  "n": 8,
  "terciles": {
   "high": {
    "n": 2,
    "mean": -0.04151593163887174
   },
   "mid": {
    "n": 4,
    "mean": -0.011999424115446689
   },
   "low": {
    "n": 2,
    "mean": -0.0048793402789441
   }
  },
  "monotonic": false
 },
 "surprise_terciles": {
  "n": 26,
  "terciles": {
   "high": {
    "n": 8,
    "mean": 0.022707490025689808
   },
   "mid": {
    "n": 10,
    "mean": -0.012103571581433038
   },
   "low": {
    "n": 8,
    "mean": -0.011062462780774537
   }
  },
  "monotonic": false
 },
 "score_terciles": {
  "n": 26,
  "terciles": {
   "high": {
    "n": 8,
    "mean": 0.009722380758712512
   },
   "mid": {
    "n": 10,
    "mean": -0.014099220369747556
   },
   "low": {
    "n": 8,
    "mean": 0.0044172074715959075
   }
  },
  "monotonic": false
 },
 "cap_terciles": {
  "n": 26,
  "terciles": {
   "high": {
    "n": 8,
    "mean": -0.015560738646173883
   },
   "mid": {
    "n": 10,
    "mean": -0.01625550362557865
   },
   "low": {
    "n": 8,
    "mean": 0.03239568094627117
   }
  },
  "monotonic": false
 }
}