{
 "prereg": "docs/lab_prereg_tender_target_14d9.md",
 "verdict_inputs": {
  "n": 129,
  "mean25": 0.025979795903489696,
  "shrunk25": 0.022492574976846785,
  "t": 1.2830556290146256,
  "win": 0.4108527131782946
 },
 "curve": {
  "offsets": [
   0,
   1,
   2,
   3,
   4,
   5,
   6,
   7,
   8,
   9,
   10,
   11,
   12,
   13,
   14,
   15,
   16,
   17,
   18,
   19,
   20,
   21,
   22,
   23,
   24,
   25,
   26,
   27,
   28,
   29,
   30,
   31,
   32,
   33,
   34,
   35,
   36,
   37,
   38,
   39,
   40
  ],
  "n": [
   384,
   384,
   384,
   384,
   384,
   384,
   384,
   384,
   384,
   384,
   384,
   384,
   384,
   384,
   383,
   383,
   383,
   380,
   372,
   290,
   203,
   172,
   154,
   143,
   137,
   129,
   126,
   119,
   114,
   109,
   103,
   96,
   95,
   90,
   88,
   83,
   81,
   79,
   79,
   78,
   76
  ],
  "mean_car": [
   0.0,
   -0.0006104345678092108,
   0.007258891994903413,
   0.007434545971530898,
   0.006796329108702194,
   0.0065347399830355335,
   -0.0031079631199573896,
   -0.005098422088986936,
   -0.005023120510691971,
   -0.004550492166493542,
   -0.005502179990456866,
   -0.0039186621237474835,
   -0.005853779202776028,
   -0.005925557916703191,
   -0.006437840528428661,
   -0.007896072740586176,
   -0.00268569500265488,
   -0.0018277639522398805,
   -0.004828420380620957,
   -0.006257154026252451,
   -0.002152294853869654,
   0.011039032382786368,
   0.003646783974975302,
   0.003627421350899531,
   0.019731845510895716,
   0.025979795903489696,
   0.024908530008816595,
   0.016646348662728953,
   0.0160601402548007,
   -0.002264663056359844,
   0.016730252518701676,
   0.0006396461523328045,
   0.0046649257738758275,
   0.01972851042775002,
   0.021314212435822367,
   0.025565257954679402,
   0.0234452619909144,
   0.005367339198340109,
   -0.009364380607843772,
   0.005759361795671211,
   -0.0030464846241010004
  ],
  "median_car": [
   0.0,
   -0.0005087694410387256,
   -0.001213025734843609,
   -0.0013055902120981955,
   -0.0014984326003472104,
   -0.0031589578158464082,
   -0.004137832998716173,
   -0.006288705455750554,
   -0.00699482109475047,
   -0.00736101167043457,
   -0.008084060558486539,
   -0.007833697049930977,
   -0.008137803708452074,
   -0.00917222698333342,
   -0.01077060211728198,
   -0.011521780140875237,
   -0.01258005289381603,
   -0.012233693344594787,
   -0.01420040275626433,
   -0.012117022159170654,
   -0.011662605414738403,
   -0.009485425999046226,
   -0.005871352022594589,
   -0.009081012794575516,
   -0.00962469694317969,
   -0.009660242429246013,
   -0.009534051968333346,
   -0.008158036047679729,
   -0.01058510354922193,
   -0.01589259463115633,
   -0.012464152599575895,
   -0.009811682619303763,
   -0.009242749893603741,
   -0.004857025652597047,
   -0.01188913577425188,
   -0.013657412329875829,
   -0.012094899420086236,
   -0.014531913647651384,
   -0.02319003311024803,
   -0.011649164277960145,
   -0.01128042845631172
  ]
 },
 "per_event": [
  {
   "symbol": "ASFI",
   "date": "2016-04-01",
   "car25": -0.0032515676918184466
  },
  {
   "symbol": "MWW",
   "date": "2016-08-19",
   "car25": -0.03199821868477637
  },
  {
   "symbol": "BBQ",
   "date": "2022-08-09",
   "car25": 0.07578754406033461
  },
  {
   "symbol": "AUTO",
   "date": "2022-07-25",
   "car25": -0.03154557800868141
  },
  {
   "symbol": "NHLD",
   "date": "2016-04-28",
   "car25": -0.011215881554520024
  },
  {
   "symbol": "NHLD",
   "date": "2021-01-11",
   "car25": -0.03154880067346588
  },
  {
   "symbol": "COTY",
   "date": "2019-02-27",
   "car25": -0.00767846084333379
  },
  {
   "symbol": "CBI",
   "date": "2018-03-29",
   "car25": 0.1843589164527224
  },
  {
   "symbol": "SRT",
   "date": "2022-12-06",
   "car25": 0.05606733441884204
  },
  {
   "symbol": "IPAS",
   "date": "2018-12-04",
   "car25": 0.40854534318200975
  },
  {
   "symbol": "BSQR",
   "date": "2023-10-11",
   "car25": -0.021816281537186732
  },
  {
   "symbol": "CYRNQ",
   "date": "2017-11-20",
   "car25": -0.02522118892602565
  },
  {
   "symbol": "CLCT",
   "date": "2020-12-17",
   "car25": 0.19548324745949963
  },
  {
   "symbol": "CIR",
   "date": "2019-06-24",
   "car25": -0.1914314753766665
  },
  {
   "symbol": "CEMI",
   "date": "2023-02-14",
   "car25": -0.08823011253214763
  },
  {
   "symbol": "MATR",
   "date": "2018-05-10",
   "car25": 0.0007130400196655451
  },
  {
   "symbol": "INTX",
   "date": "2018-10-31",
   "car25": 0.06850943617739069
  },
  {
   "symbol": "MON2",
   "date": "2016-05-24",
   "car25": -0.08023332665218053
  },
  {
   "symbol": "GSB",
   "date": "2020-07-20",
   "car25": -0.07435833448551465
  },
  {
   "symbol": "MDCO",
   "date": "2019-11-25",
   "car25": -0.019386332308645837
  },
  {
   "symbol": "N",
   "date": "2016-08-18",
   "car25": 0.016081920215919143
  },
  {
   "symbol": "AFOP",
   "date": "2016-04-21",
   "car25": -0.006620085022972733
  },
  {
   "symbol": "CRVP",
   "date": "2018-02-12",
   "car25": -0.011354260080487677
  },
  {
   "symbol": "BECN",
   "date": "2025-02-06",
   "car25": 0.05763262283754744
  },
  {
   "symbol": "LF",
   "date": "2016-02-05",
   "car25": -0.07487018614302943
  },
  {
   "symbol": "ALR1",
   "date": "2017-07-21",
   "car25": -0.02162685781602902
  },
  {
   "symbol": "ALR",
   "date": "2016-10-06",
   "car25": 0.00503092654491244
  },
  {
   "symbol": "AWHHF",
   "date": "2017-05-08",
   "car25": -0.021570196143661735
  },
  {
   "symbol": "TNGO",
   "date": "2017-05-12",
   "car25": -0.013124617425894547
  },
  {
   "symbol": "NTK",
   "date": "2016-07-08",
   "car25": -0.04110822101980305
  },
  {
   "symbol": "ENOC",
   "date": "2017-06-22",
   "car25": -0.014973788766343477
  },
  {
   "symbol": "XLRN",
   "date": "2021-10-12",
   "car25": -0.034659509813191436
  },
  {
   "symbol": "PFIE",
   "date": "2024-10-29",
   "car25": -0.029947505656566342
  },
  {
   "symbol": "BLUE",
   "date": "2025-03-07",
   "car25": 0.24351283215210362
  },
  {
   "symbol": "ALBO",
   "date": "2023-01-23",
   "car25": 0.024839898422758133
  },
  {
   "symbol": "LINEQ",
   "date": "2016-04-04",
   "car25": -0.04664901150224965
  },
  {
   "symbol": "WBMD",
   "date": "2017-08-07",
   "car25": -0.010113623911459868
  },
  {
   "symbol": "ADMS",
   "date": "2021-10-12",
   "car25": -0.05963048018778849
  },
  {
   "symbol": "HEES",
   "date": "2025-01-28",
   "car25": 0.11448032165305799
  },
  {
   "symbol": "CARB",
   "date": "2019-11-25",
   "car25": -0.02980288204403836
  },
  {
   "symbol": "GFN",
   "date": "2021-04-16",
   "car25": -0.008482664638109094
  },
  {
   "symbol": "PCOA",
   "date": "2017-10-13",
   "car25": 0.005237521152330782
  },
  {
   "symbol": "SCMP",
   "date": "2017-12-26",
   "car25": -0.031802780688701904
  },
  {
   "symbol": "TTPH",
   "date": "2020-06-12",
   "car25": -0.034010677610773365
  },
  {
   "symbol": "CVI",
   "date": "2024-12-06",
   "car25": 0.12928167794893353
  },
  {
   "symbol": "CBMX",
   "date": "2017-09-14",
   "car25": 0.06476854673971033
  },
  {
   "symbol": "HAPN",
   "date": "2017-07-21",
   "car25": 0.20990231289800476
  },
  {
   "symbol": "RBCN",
   "date": "2022-07-26",
   "car25": -0.1750452825207428
  },
  {
   "symbol": "WMLPQ",
   "date": "2019-02-13",
   "car25": 1.4777913660266602
  },
  {
   "symbol": "NXPI",
   "date": "2016-11-18",
   "car25": -0.02735033729989822
  },
  {
   "symbol": "NXPI",
   "date": "2017-12-11",
   "car25": -0.014833250008145615
  },
  {
   "symbol": "HTS",
   "date": "2016-05-05",
   "car25": -0.029231492862595854
  },
  {
   "symbol": "FDML",
   "date": "2016-09-26",
   "car25": 0.008399724138194675
  },
  {
   "symbol": "SKUL",
   "date": "2016-07-06",
   "car25": -0.009968750030573847
  },
  {
   "symbol": "GIG1",
   "date": "2017-02-13",
   "car25": -0.00029435602161931307
  },
  {
   "symbol": "WBD",
   "date": "2025-12-17",
   "car25": -0.014466730540943384
  },
  {
   "symbol": "UDFI",
   "date": "2016-10-24",