{
 "results": {
  "net_issuance_low__N25__LARGE": {
   "stats": {
    "n_obs": 3920,
    "total_return": 2.8644239507183977,
    "cagr": 0.09079003930661611,
    "sharpe": 0.5558582660108751,
    "sortino": 0.716158296504416,
    "max_drawdown": -0.598831979039466,
    "win_rate": 0.5377551020408163,
    "skew": -0.12252962398991267,
    "kurtosis": 12.094573780503731
   },
   "bucket": "LARGE",
   "beats_benchmark": true,
   "dsr": 1.0,
   "stage1_survivor": true
  },
  "net_issuance_low__N25__SMALL": {
   "stats": {
    "n_obs": 3920,
    "total_return": 6.404975975019281,
    "cagr": 0.13735999676052413,
    "sharpe": 0.7670219741636404,
    "sortino": 1.063564695712443,
    "max_drawdown": -0.5235070108646425,
    "win_rate": 0.536734693877551,
    "skew": -0.08194247630562224,
    "kurtosis": 7.70898797193886
   },
   "bucket": "SMALL",
   "beats_benchmark": true,
   "dsr": 1.0,
   "stage1_survivor": true
  },
  "net_issuance_low__N50__LARGE": {
   "stats": {
    "n_obs": 3920,
    "total_return": 2.9908863537572388,
    "cagr": 0.0930503639697502,
    "sharpe": 0.5681256889777212,
    "sortino": 0.7239172590227642,
    "max_drawdown": -0.5815848040836735,
    "win_rate": 0.539795918367347,
    "skew": -0.09422583825274135,
    "kurtosis": 13.00488511936615
   },
   "bucket": "LARGE",
   "beats_benchmark": true,
   "dsr": 1.0,
   "stage1_survivor": true
  },
  "net_issuance_low__N50__SMALL": {
   "stats": {
    "n_obs": 3920,
    "total_return": 5.618565012027456,
    "cagr": 0.1291805520564253,
    "sharpe": 0.7154995759734779,
    "sortino": 0.9682369255849695,
    "max_drawdown": -0.5733023044470726,
    "win_rate": 0.5352040816326531,
    "skew": -0.09936573497712549,
    "kurtosis": 8.47162126776925
   },
   "bucket": "SMALL",
   "beats_benchmark": true,
   "dsr": 1.0,
   "stage1_survivor": true
  },
  "asset_growth_low__N25__LARGE": {
   "stats": {
    "n_obs": 3920,
    "total_return": 1.1683329015712807,
    "cagr": 0.05101302311401157,
    "sharpe": 0.3356879350743057,
    "sortino": 0.436989628581957,
    "max_drawdown": -0.6341872007874003,
    "win_rate": 0.5352040816326531,
    "skew": -0.0018131225306931556,
    "kurtosis": 11.070635659622024
   },
   "bucket": "LARGE",
   "beats_benchmark": false,
   "dsr": 0.22902740388359155,
   "stage1_survivor": false
  },
  "asset_growth_low__N25__SMALL": {
   "stats": {
    "n_obs": 3920,
    "total_return": 0.23729528740177197,
    "cagr": 0.013782326790368282,
    "sharpe": 0.19537261809784445,
    "sortino": 0.27186970026170426,
    "max_drawdown": -0.727061978167055,
    "win_rate": 0.5196428571428572,
    "skew": 0.0009170490564686422,
    "kurtosis": 6.146886448686156
   },
   "bucket": "SMALL",
   "beats_benchmark": false,
   "dsr": 0.0,
   "stage1_survivor": false
  },
  "asset_growth_low__N50__LARGE": {
   "stats": {
    "n_obs": 3920,
    "total_return": 1.7816551566998817,
    "cagr": 0.06797811767052497,
    "sharpe": 0.41732695230819905,
    "sortino": 0.5431821009421834,
    "max_drawdown": -0.6313872136111711,
    "win_rate": 0.5336734693877551,
    "skew": -0.0072071469169931925,
    "kurtosis": 10.840914876728618
   },
   "bucket": "LARGE",
   "beats_benchmark": true,
   "dsr": 0.9998206482540641,
   "stage1_survivor": true
  },
  "asset_growth_low__N50__SMALL": {
   "stats": {
    "n_obs": 3920,
    "total_return": 0.6718418059586122,
    "cagr": 0.033589911391628924,
    "sharpe": 0.2580013766794925,
    "sortino": 0.35532861761992734,
    "max_drawdown": -0.6589806358440917,
    "win_rate": 0.5275510204081633,
    "skew": -0.11612358539434926,
    "kurtosis": 6.282503353011069
   },
   "bucket": "SMALL",
   "beats_benchmark": false,
   "dsr": 3.4228065770580685e-08,
   "stage1_survivor": false
  },
  "accruals_low__N25__LARGE": {
   "stats": {
    "n_obs": 3920,
    "total_return": -0.2310953120431105,
    "cagr": -0.016751635467454284,
    "sharpe": 0.06908293158917227,
    "sortino": 0.09405054152616346,
    "max_drawdown": -0.7712760830599583,
    "win_rate": 0.525,
    "skew": 0.12094511849286695,
    "kurtosis": 8.665902942410899
   },
   "bucket": "LARGE",
   "beats_benchmark": false,
   "dsr": 0.0,
   "stage1_survivor": false
  },
  "accruals_low__N25__SMALL": {
   "stats": {
    "n_obs": 3920,
    "total_return": -0.19816969623727565,
    "cagr": -0.014097715858902515,
    "sharpe": 0.12836130060297837,
    "sortino": 0.17775144122176698,
    "max_drawdown": -0.8093214588946738,
    "win_rate": 0.514795918367347,
    "skew": -0.014506855997109566,
    "kurtosis": 6.445105367480657
   },
   "bucket": "SMALL",
   "beats_benchmark": false,
   "dsr": 0.0,
   "stage1_survivor": false
  },
  "accruals_low__N50__LARGE": {
   "stats": {
    "n_obs": 3920,
    "total_return": 0.3755037429566124,
    "cagr": 0.02070704943808921,
    "sharpe": 0.2056041892206859,
    "sortino": 0.2773215434042259,
    "max_drawdown": -0.6697491779771261,
    "win_rate": 0.5346938775510204,
    "skew": 0.06547987204680304,
    "kurtosis": 8.992915552408343
   },
   "bucket": "LARGE",
   "beats_benchmark": false,
   "dsr": 0.0,
   "stage1_survivor": false
  },
  "accruals_low__N50__SMALL": {
   "stats": {
    "n_obs": 3920,
    "total_return": 0.15334363655968253,
    "cagr": 0.009213522031860544,
    "sharpe": 0.18422818070232597,
    "sortino": 0.2540487582981238,
    "max_drawdown": -0.7369408475477744,
    "win_rate": 0.5224489795918368,
    "skew": -0.09043017166764719,
    "kurtosis": 6.1816205235644786
   },
   "bucket": "SMALL",
   "beats_benchmark": false,
   "dsr": 0.0,
   "stage1_survivor": false
  },
  "gross_prof_high__N25__LARGE": {
   "stats": {
    "n_obs": 3920,
    "total_return": 2.4334137912975544,
    "cagr": 0.08252899623822851,
    "sharpe": 0.517680979730632,
    "sortino": 0.722238543993859,
    "max_drawdown": -0.5035223738204855,
    "win_rate": 0.5244897959183673,
    "skew": 0.08522513535318435,
    "kurtosis": 8.72595009377243
   },
   "bucket": "LARGE",
   "beats_benchmark": true,
   "dsr": 1.0,
   "stage1_survivor": true
  },
  "gross_prof_high__N25__SMALL": {
   "stats": {
    "n_obs": 3920,
    "total_return": 1.8952508479077972,
    "cagr": 0.07072964486601929,
    "sharpe": 0.4187507118054486,
    "sortino": 0.5946173916480861,
    "max_drawdown": -0.5500424622531015,
    "win_rate": 0.5214285714285715,
    "skew": -0.12989738976511903,
    "kurtosis": 6.78332898986293
   },
   "bucket": "SMALL",
   "beats_benchmark": true,
   "dsr": 0.9999309207391082,
   "stage1_survivor": true
  },
  "gross_prof_high__N50__LARGE": {
   "stats": {
    "n_obs": 3920,
    "total_return": 2.852299166052069,
    "cagr": 0.09056970443313128,
    "sharpe": 0.5691591650459704,
    "sortino": 0.7805513943758511,
    "max_drawdown": -0.44356591775739385,
    "win_rate": 0.5293367346938775,
    "skew": 0.045011386362498323,
    "kurtosis": 9.764244795044668
   },
   "bucket": "LARGE",
   "beats_benchmark": true,
   "dsr": 1.0,
   "stage1_survivor": true
  },
  "gross_prof_high__N50__SMALL": {
   "stats": {
    "n_obs": 3920,
    "total_return": 2.2584024909948126,
    "cagr": 0.07889424235762577,
    "sharpe": 0.45589413725435657,
    "sortino": 0.6456016811059491,
    "max_drawdown": -0.5672235546082661,
    "win_rate": 0.5224489795918368,
    "skew": -0.11605713114958832,
    "kurtosis": 6.793685142097415
   },
   "bucket": "SMALL",
   "beats_benchmark": true,
   "dsr": 0.9999999953886304,
   "stage1_survivor": true
  },
  "roa_high__N25__LARGE": {
   "stats": {
    "n_obs": 3920,
    "total_return": 1.3272470147637185,
    "cagr": 0.05580260930363812,
    "sharpe": 0.3527361420068103,
    "sortino": 0.4753511616072895,
    "max_drawdown": -0.5729439303694378,
    "win_rate": 0.5272959183673469,
    "skew": 0.13016505780530324,
    "kurtosis": 11.402698909170121
   },
   "bucket": "LARGE",
   "beats_benchmark": true,
   "dsr": 0.5793395245141948,
   "stage1_survivor": false
  },
  "roa_high__N25__SMALL": {
   "stats": {
    "n_obs": 3920,
    "total_return": 1.7308521103233603,