{
 "results": {
  "net_issuance_low__N25__LARGE": {
   "stats": {
    "n_obs": 3920,
    "total_return": 2.864423950718394,
    "cagr": 0.09079003930661611,
    "sharpe": 0.5558582660108737,
    "sortino": 0.7161582965044149,
    "max_drawdown": -0.5988319790394663,
    "win_rate": 0.5377551020408163,
    "skew": -0.12252962398991275,
    "kurtosis": 12.094573780503737
   },
   "bucket": "LARGE",
   "beats_benchmark": true,
   "dsr": 1.0,
   "stage1_survivor": true
  },
  "net_issuance_low__N25__SMALL": {
   "stats": {
    "n_obs": 3920,
    "total_return": 6.40497597501928,
    "cagr": 0.13735999676052413,
    "sharpe": 0.7670219741636436,
    "sortino": 1.0635646957124467,
    "max_drawdown": -0.5235070108646427,
    "win_rate": 0.536734693877551,
    "skew": -0.08194247630562067,
    "kurtosis": 7.708987971938894
   },
   "bucket": "SMALL",
   "beats_benchmark": true,
   "dsr": 1.0,
   "stage1_survivor": true
  },
  "net_issuance_low__N50__LARGE": {
   "stats": {
    "n_obs": 3920,
    "total_return": 2.9908863537572294,
    "cagr": 0.09305036396974997,
    "sharpe": 0.5681256889777189,
    "sortino": 0.7239172590227618,
    "max_drawdown": -0.5815848040836735,
    "win_rate": 0.539795918367347,
    "skew": -0.09422583825273795,
    "kurtosis": 13.004885119366197
   },
   "bucket": "LARGE",
   "beats_benchmark": true,
   "dsr": 1.0,
   "stage1_survivor": true
  },
  "net_issuance_low__N50__SMALL": {
   "stats": {
    "n_obs": 3920,
    "total_return": 5.618565012027453,
    "cagr": 0.1291805520564253,
    "sharpe": 0.715499575973479,
    "sortino": 0.9682369255849731,
    "max_drawdown": -0.5733023044470726,
    "win_rate": 0.5352040816326531,
    "skew": -0.09936573497712524,
    "kurtosis": 8.471621267769189
   },
   "bucket": "SMALL",
   "beats_benchmark": true,
   "dsr": 1.0,
   "stage1_survivor": true
  },
  "asset_growth_low__N25__LARGE": {
   "stats": {
    "n_obs": 3920,
    "total_return": 1.1683329015712776,
    "cagr": 0.05101302311401135,
    "sharpe": 0.33568793507430544,
    "sortino": 0.43698962858195683,
    "max_drawdown": -0.6341872007874005,
    "win_rate": 0.5352040816326531,
    "skew": -0.0018131225306922873,
    "kurtosis": 11.070635659622083
   },
   "bucket": "LARGE",
   "beats_benchmark": false,
   "dsr": 0.2290274038835804,
   "stage1_survivor": false
  },
  "asset_growth_low__N25__SMALL": {
   "stats": {
    "n_obs": 3920,
    "total_return": 0.23729528740177153,
    "cagr": 0.013782326790368282,
    "sharpe": 0.1953726180978434,
    "sortino": 0.2718697002617029,
    "max_drawdown": -0.727061978167055,
    "win_rate": 0.5196428571428572,
    "skew": 0.0009170490564673707,
    "kurtosis": 6.146886448686144
   },
   "bucket": "SMALL",
   "beats_benchmark": false,
   "dsr": 0.0,
   "stage1_survivor": false
  },
  "asset_growth_low__N50__LARGE": {
   "stats": {
    "n_obs": 3920,
    "total_return": 1.7816551566998813,
    "cagr": 0.06797811767052497,
    "sharpe": 0.4173269523081969,
    "sortino": 0.5431821009421804,
    "max_drawdown": -0.6313872136111711,
    "win_rate": 0.5336734693877551,
    "skew": -0.007207146916995094,
    "kurtosis": 10.840914876728618
   },
   "bucket": "LARGE",
   "beats_benchmark": true,
   "dsr": 0.9998206482540641,
   "stage1_survivor": true
  },
  "asset_growth_low__N50__SMALL": {
   "stats": {
    "n_obs": 3920,
    "total_return": 0.6718418059586122,
    "cagr": 0.033589911391628924,
    "sharpe": 0.2580013766794933,
    "sortino": 0.35532861761992846,
    "max_drawdown": -0.6589806358440917,
    "win_rate": 0.5275510204081633,
    "skew": -0.1161235853943525,
    "kurtosis": 6.282503353011057
   },
   "bucket": "SMALL",
   "beats_benchmark": false,
   "dsr": 3.4228065770580685e-08,
   "stage1_survivor": false
  },
  "accruals_low__N25__LARGE": {
   "stats": {
    "n_obs": 3920,
    "total_return": -0.23109531204311062,
    "cagr": -0.016751635467454284,
    "sharpe": 0.06908293158917242,
    "sortino": 0.09405054152616367,
    "max_drawdown": -0.7712760830599581,
    "win_rate": 0.525,
    "skew": 0.12094511849286761,
    "kurtosis": 8.665902942410924
   },
   "bucket": "LARGE",
   "beats_benchmark": false,
   "dsr": 0.0,
   "stage1_survivor": false
  },
  "accruals_low__N25__SMALL": {
   "stats": {
    "n_obs": 3920,
    "total_return": -0.19816969623727543,
    "cagr": -0.014097715858902515,
    "sharpe": 0.12836130060297898,
    "sortino": 0.17775144122176786,
    "max_drawdown": -0.8093214588946737,
    "win_rate": 0.514795918367347,
    "skew": -0.014506855997108282,
    "kurtosis": 6.44510536748067
   },
   "bucket": "SMALL",
   "beats_benchmark": false,
   "dsr": 0.0,
   "stage1_survivor": false
  },
  "accruals_low__N50__LARGE": {
   "stats": {
    "n_obs": 3920,
    "total_return": 0.3755037429566124,
    "cagr": 0.02070704943808921,
    "sharpe": 0.2056041892206871,
    "sortino": 0.2773215434042278,
    "max_drawdown": -0.6697491779771262,
    "win_rate": 0.5346938775510204,
    "skew": 0.06547987204680411,
    "kurtosis": 8.992915552408322
   },
   "bucket": "LARGE",
   "beats_benchmark": false,
   "dsr": 0.0,
   "stage1_survivor": false
  },
  "accruals_low__N50__SMALL": {
   "stats": {
    "n_obs": 3920,
    "total_return": 0.1533436365596823,
    "cagr": 0.009213522031860544,
    "sharpe": 0.1842281807023258,
    "sortino": 0.25404875829812384,
    "max_drawdown": -0.7369408475477743,
    "win_rate": 0.5224489795918368,
    "skew": -0.09043017166764737,
    "kurtosis": 6.181620523564488
   },
   "bucket": "SMALL",
   "beats_benchmark": false,
   "dsr": 0.0,
   "stage1_survivor": false
  },
  "gross_prof_high__N25__LARGE": {
   "stats": {
    "n_obs": 3920,
    "total_return": 2.433413791297553,
    "cagr": 0.08252899623822851,
    "sharpe": 0.5176809797306334,
    "sortino": 0.722238543993862,
    "max_drawdown": -0.5035223738204857,
    "win_rate": 0.5244897959183673,
    "skew": 0.08522513535318445,
    "kurtosis": 8.725950093772415
   },
   "bucket": "LARGE",
   "beats_benchmark": true,
   "dsr": 1.0,
   "stage1_survivor": true
  },
  "gross_prof_high__N25__SMALL": {
   "stats": {
    "n_obs": 3920,
    "total_return": 1.8952508479077963,
    "cagr": 0.07072964486601929,
    "sharpe": 0.4187507118054499,
    "sortino": 0.5946173916480878,
    "max_drawdown": -0.5500424622531013,
    "win_rate": 0.5214285714285715,
    "skew": -0.12989738976512058,
    "kurtosis": 6.783328989862956
   },
   "bucket": "SMALL",
   "beats_benchmark": true,
   "dsr": 0.9999309207391082,
   "stage1_survivor": true
  },
  "gross_prof_high__N50__LARGE": {
   "stats": {
    "n_obs": 3920,
    "total_return": 2.852299166052068,
    "cagr": 0.09056970443313128,
    "sharpe": 0.5691591650459693,
    "sortino": 0.780551394375849,
    "max_drawdown": -0.44356591775739396,
    "win_rate": 0.5293367346938775,
    "skew": 0.04501138636250036,
    "kurtosis": 9.764244795044721
   },
   "bucket": "LARGE",
   "beats_benchmark": true,
   "dsr": 1.0,
   "stage1_survivor": true
  },
  "gross_prof_high__N50__SMALL": {
   "stats": {
    "n_obs": 3920,
    "total_return": 2.2584024909948144,
    "cagr": 0.07889424235762577,
    "sharpe": 0.4558941372543577,
    "sortino": 0.6456016811059502,
    "max_drawdown": -0.5672235546082662,
    "win_rate": 0.5224489795918368,
    "skew": -0.11605713114958444,
    "kurtosis": 6.793685142097435
   },
   "bucket": "SMALL",
   "beats_benchmark": true,
   "dsr": 0.9999999953886304,
   "stage1_survivor": true
  },
  "roa_high__N25__LARGE": {
   "stats": {
    "n_obs": 3920,
    "total_return": 1.327247014763718,
    "cagr": 0.05580260930363812,
    "sharpe": 0.35273614200681136,
    "sortino": 0.4753511616072909,
    "max_drawdown": -0.5729439303694377,
    "win_rate": 0.5272959183673469,
    "skew": 0.13016505780530488,
    "kurtosis": 11.402698909170121
   },
   "bucket": "LARGE",
   "beats_benchmark": true,
   "dsr": 0.5793395245142092,
   "stage1_survivor": false
  },
  "roa_high__N25__SMALL": {
   "stats": {
    "n_obs": 3920,
    "total_return": 1.7308521103233607,