{
 "prereg": "docs/lab_prereg_cef_toc_anchor_2014_19.md",
 "verdict_inputs": {
  "n": 65,
  "mean25": -0.019612266169832658,
  "shrunk25": -0.01499761530634262,
  "t": -5.336744410056189,
  "win": 0.2153846153846154
 },
 "curve": {
  "offsets": [
   0,
   1,
   2,
   3,
   4,
   5,
   6,
   7,
   8,
   9,
   10,
   11,
   12,
   13,
   14,
   15,
   16,
   17,
   18,
   19,
   20,
   21,
   22,
   23,
   24,
   25,
   26,
   27,
   28,
   29,
   30,
   31,
   32,
   33,
   34,
   35,
   36,
   37,
   38,
   39,
   40
  ],
  "n": [
   65,
   65,
   65,
   65,
   65,
   65,
   65,
   65,
   65,
   65,
   65,
   65,
   65,
   65,
   65,
   65,
   65,
   65,
   65,
   65,
   65,
   65,
   65,
   65,
   65,
   65,
   65,
   65,
   65,
   65,
   65,
   65,
   65,
   65,
   65,
   65,
   65,
   65,
   65,
   65,
   65
  ],
  "mean_car": [
   0.0,
   -0.0026850131532220986,
   -0.004976865864829553,
   -0.005789526455496555,
   -0.00625122448203756,
   -0.004847702231642051,
   -0.0043067126643227755,
   -0.009510725392778674,
   -0.012168455333499072,
   -0.011841245247118163,
   -0.011235870142884333,
   -0.008115971612237751,
   -0.011129271167644525,
   -0.011221455404574067,
   -0.009707398059639634,
   -0.010103012109325363,
   -0.014703648551150639,
   -0.013438655209415853,
   -0.013012401006336955,
   -0.014816197147035068,
   -0.01657401282415506,
   -0.01426459175869167,
   -0.014801227363475779,
   -0.017216013594977923,
   -0.0181790515787102,
   -0.019612266169832658,
   -0.0163518879673904,
   -0.014032526172718803,
   -0.010670598293161132,
   -0.01365217403023239,
   -0.013730765307132482,
   -0.0185226778664377,
   -0.014548627212200124,
   -0.017297128731568804,
   -0.017726589390555814,
   -0.019231759193882553,
   -0.017504426587096677,
   -0.017130864333244452,
   -0.017484260459863215,
   -0.020271170137338052,
   -0.019767690130617088
  ],
  "median_car": [
   0.0,
   -0.0016933016833593495,
   -0.0038468780900517974,
   -0.006019142268335109,
   -0.006101349360857711,
   -0.0076244486265004685,
   -0.003785594335045439,
   -0.012550156228986475,
   -0.016984636340433457,
   -0.015985835483837585,
   -0.015241677541640186,
   -0.013153098057330226,
   -0.010769911971198698,
   -0.011238431899969203,
   -0.01291121351054425,
   -0.011370877610184182,
   -0.015301282364917457,
   -0.013202035659019451,
   -0.01330997555881197,
   -0.013339630142014558,
   -0.014972376181036973,
   -0.013921851364837368,
   -0.012865260350087615,
   -0.01644330846840636,
   -0.016366566846203412,
   -0.021649443870349838,
   -0.015732662116651808,
   -0.015536769640625003,
   -0.015205456157938668,
   -0.015077642515027412,
   -0.01621606670891418,
   -0.023102979038610805,
   -0.018756412137862832,
   -0.026810219696171256,
   -0.02816830336502929,
   -0.026098854972888885,
   -0.02248103459831685,
   -0.022200432168241635,
   -0.02506283121148334,
   -0.025548070280217106,
   -0.02208297548925575
  ]
 },
 "per_event": [
  {
   "symbol": "AEF",
   "date": "2018-04-12",
   "car25": -0.07229306998944351
  },
  {
   "symbol": "AEF",
   "date": "2019-05-08",
   "car25": -0.010466085591116503
  },
  {
   "symbol": "CEE",
   "date": "2015-04-27",
   "car25": -0.039376995644700985
  },
  {
   "symbol": "CEV",
   "date": "2015-10-05",
   "car25": -0.042044151177098144
  },
  {
   "symbol": "CXH",
   "date": "2017-07-11",
   "car25": -0.005988042527486082
  },
  {
   "symbol": "CXH",
   "date": "2018-03-12",
   "car25": 0.03265101207805721
  },
  {
   "symbol": "DEX",
   "date": "2018-08-09",
   "car25": -0.039305704250513496
  },
  {
   "symbol": "DEX",
   "date": "2019-05-23",
   "car25": -0.006938539507869157
  },
  {
   "symbol": "DRA",
   "date": "2015-03-24",
   "car25": -0.004291383169989116
  },
  {
   "symbol": "DRA",
   "date": "2015-10-09",
   "car25": -0.06668951475539697
  },
  {
   "symbol": "DSU",
   "date": "2018-03-02",
   "car25": 0.04356025359250992
  },
  {
   "symbol": "DSU",
   "date": "2019-03-01",
   "car25": -0.025203855332707636
  },
  {
   "symbol": "EEA",
   "date": "2014-12-15",
   "car25": -0.005431548503035177
  },
  {
   "symbol": "EFR",
   "date": "2016-06-30",
   "car25": -0.009064746890253383
  },
  {
   "symbol": "EFR",
   "date": "2018-07-09",
   "car25": -0.022639101769415304
  },
  {
   "symbol": "EIA",
   "date": "2015-10-05",
   "car25": -0.044696120730228994
  },
  {
   "symbol": "EIM",
   "date": "2019-03-27",
   "car25": -0.03505268359658009
  },
  {
   "symbol": "EIM",
   "date": "2019-10-02",
   "car25": -0.06891247612591145
  },
  {
   "symbol": "EIO",
   "date": "2015-10-05",
   "car25": -0.011001536067847928
  },
  {
   "symbol": "EIP",
   "date": "2015-10-05",
   "car25": -0.037107157722530815
  },
  {
   "symbol": "EIV",
   "date": "2015-10-05",
   "car25": -0.06313918904444293
  },
  {
   "symbol": "EMI",
   "date": "2015-10-05",
   "car25": -0.03780243565097541
  },
  {
   "symbol": "EMJ",
   "date": "2015-10-05",
   "car25": 0.006573300376135238
  },
  {
   "symbol": "EVF",
   "date": "2016-06-30",
   "car25": -0.008067616116964604
  },
  {
   "symbol": "EVF",
   "date": "2018-07-09",
   "car25": -0.00012677372811897847
  },
  {
   "symbol": "EVJ",
   "date": "2015-10-05",
   "car25": -0.041084398209939144
  },
  {
   "symbol": "EVN",
   "date": "2015-10-05",
   "car25": -0.04572164091540176
  },
  {
   "symbol": "EVO1",
   "date": "2015-10-05",
   "car25": -0.04525599420393056
  },
  {
   "symbol": "EVP",
   "date": "2015-10-05",
   "car25": -0.05610359609097759
  },
  {
   "symbol": "EVV",
   "date": "2018-07-09",
   "car25": -0.0015940505495035673
  },
  {
   "symbol": "EVY",
   "date": "2015-10-05",
   "car25": -0.0571404699491771
  },
  {
   "symbol": "FHY",
   "date": "2017-08-17",
   "car25": 0.003605064226039456
  },
  {
   "symbol": "FPT",
   "date": "2017-06-20",
   "car25": -0.006885300005113892
  },
  {
   "symbol": "FTF",
   "date": "2017-01-20",
   "car25": -0.021649443870349838
  },
  {
   "symbol": "IFN",
   "date": "2014-02-03",
   "car25": 0.04189383351015241
  },
  {
   "symbol": "JLS",
   "date": "2019-08-30",
   "car25": 0.0023003599963722365
  },
  {
   "symbol": "JMT",
   "date": "2019-08-30",
   "car25": 0.0025300973273800764
  },
  {
   "symbol": "KF",
   "date": "2017-04-19",
   "car25": 0.045156651989356256
  },
  {
   "symbol": "LCM",
   "date": "2017-05-01",
   "car25": 0.02027410073545277
  },
  {
   "symbol": "MAB",
   "date": "2015-10-05",
   "car25": -0.014046077314716188
  },
  {
   "symbol": "MIW",
   "date": "2015-10-05",
   "car25": -0.02762436249836986
  },
  {
   "symbol": "MMV1",
   "date": "2015-10-05",
   "car25": -0.0782170172476887
  },
  {
   "symbol": "NBB",
   "date": "2018-10-25",
   "car25": -0.053690264789228226
  },
  {
   "symbol": "NCV",
   "date": "2018-06-20",
   "car25": -0.009418324480206852
  },
  {
   "symbol": "NCZ",
   "date": "2018-06-20",
   "car25": -0.011541423055104527
  },
  {
   "symbol": "NMA",
   "date": "2014-08-08",
   "car25": -0.027721742255186976
  },
  {
   "symbol": "NQU",
   "date": "2014-08-08",
   "car25": -0.028309552280383565
  },
  {
   "symbol": "NRO",
   "date": "2016-10-04",
   "car25": -0.049319670166057095
  },
  {
   "symbol": "NVG",
   "date": "2014-08-08",
   "car25": -0.027417717329480062
  },
  {
   "symbol": "NYH",
   "date": "2015-10-05",
   "car25": -0.059072030966769606
  },
  {
   "symbol": "NZF",
   "date": "2014-08-08",
   "car25": -0.026381617890331333
  },
  {
   "symbol": "PCN",
   "date": "2019-06-18",
   "car25": -0.04568334672155305
  },
  {
   "symbol": "PFL",
   "date": "2019-06-18",
   "car25": -0.011076461261378512
  },
  {
   "symbol": "PFN",
   "date": "2019-06-18",
   "car25": -0.009644252205393888
  },
  {
   "symbol": "PHK",
   "date": "2019-06-18",
   "car25": -0.0003908425128931192
  },
  {
   "symbol": "PMM",
   "date": "2017-05-25",
   "car25": 0.0015160717601419016
  },
  {
   "symbol": "PMO",
   "date": "2017-05-25",
   "car25": 0.013661049692182958
  },
  {
   "symbol": "PTY",