{
 "oracle_by_sym": {
  "PSN": [
   0.42,
   0.46,
   0.46,
   0.46,
   0.45
  ],
  "HDSN": [
   0.54,
   0.48,
   0.5,
   0.45,
   0.45
  ],
  "VITL": [
   0.44,
   0.46,
   0.4,
   0.43,
   0.44
  ],
  "J": [
   0.4,
   0.42,
   0.38,
   0.37,
   0.52
  ],
  "CXT": [
   0.54,
   0.44,
   0.56,
   0.63,
   0.6
  ],
  "KRMD": [
   0.3,
   0.28,
   0.35,
   0.31,
   0.35
  ],
  "ARTV": [
   0.29,
   0.2,
   0.33,
   0.28,
   0.31
  ],
  "INR": [
   0.27,
   0.37,
   0.34,
   0.31,
   0.33
  ],
  "INFU": [
   0.4,
   0.32,
   0.43,
   0.44,
   0.35
  ]
 },
 "oracle_recorded": {
  "PSN": 0.2627032489921013,
  "HDSN": 0.22652744503857813,
  "VITL": 0.42255160284342963,
  "J": 0.2682388115501202,
  "CXT": 0.19140416842068364,
  "KRMD": 0.5185977328652513,
  "ARTV": 0.4712925822048978,
  "INR": 0.4693231536192479,
  "INFU": 0.42411259439985083
 },
 "oracle_held": [
  "PSN",
  "HDSN",
  "VITL",
  "J",
  "CXT"
 ],
 "oracle_flip_draws": [
  [
   "CXT",
   "HDSN",
   "J",
   "PSN",
   "VITL"
  ],
  [
   "CXT",
   "HDSN",
   "J",
   "PSN",
   "VITL"
  ],
  [
   "CXT",
   "HDSN",
   "INFU",
   "PSN",
   "VITL"
  ],
  [
   "CXT",
   "HDSN",
   "INFU",
   "PSN",
   "VITL"
  ],
  [
   "CXT",
   "HDSN",
   "J",
   "PSN",
   "VITL"
  ]
 ],
 "oracle_flip_rate": 0.4,
 "midas_picks": [
  "APOG",
  "APOG",
  "APOG",
  "DAKT",
  "APOG"
 ],
 "midas_recorded_pick": "DAKT",
 "midas_flip_rate": 0.8,
 "midas_rec_ev": {
  "DAKT": 0.07,
  "HELP": 0.011,
  "APOG": 0.054,
  "WEN": 0.011,
  "AVAV": 0.005,
  "ZBIO": 0.04,
  "MLKN": 0.043,
  "AOUT": 0.01,
  "AYI": 0.015,
  "FUL": 0.021
 }
}