{
 "vol_L126__N50__SMALL": {
  "IS": {
   "cagr_2x": 0.08853395569078559,
   "sharpe_2x": 0.7404803879439043
  },
  "HO": {
   "cagr_2x": 0.04125580240513793,
   "sharpe_2x": 0.37037064570014094
  }
 },
 "vol_L63__N25__LARGE": {
  "IS": {
   "cagr_2x": 0.08805720126771255,
   "sharpe_2x": 0.7836576416820599
  },
  "HO": {
   "cagr_2x": 0.08755568238965039,
   "sharpe_2x": 0.7232182426833276
  }
 },
 "vol_L126__N10__LARGE": {
  "IS": {
   "cagr_2x": 0.0915016177893253,
   "sharpe_2x": 0.8038350641205574
  },
  "HO": {
   "cagr_2x": 0.08519622188843345,
   "sharpe_2x": 0.7285225523610417
  }
 },
 "vol_L126__N25__LARGE": {
  "IS": {
   "cagr_2x": 0.09273792146229565,
   "sharpe_2x": 0.7967313187312199
  },
  "HO": {
   "cagr_2x": 0.0668896222105233,
   "sharpe_2x": 0.5494392791050052
  }
 },
 "vol_L126__N50__LARGE": {
  "IS": {
   "cagr_2x": 0.09483855551443043,
   "sharpe_2x": 0.7791740520573602
  },
  "HO": {
   "cagr_2x": 0.08552402171209472,
   "sharpe_2x": 0.6745475895492371
  }
 }
}